전공/학과,교과목명,담당교수,강의시간,수강인원
글로벌커뮤니케이션센터(학사),Advertising Communication principles in Digital and Print Media,앤써니캐셔(Anthony Kaschor),"화 C / 차121, 목 E / 차121",37
글로벌커뮤니케이션센터(학사),English for Career Development,마크샘플(Mark Sample),"화 A / 차123, 목 B / 차123",33
글로벌커뮤니케이션센터(학사),English for Global Tourism,허켈리(Kelly Un Kyong Hur),"화 C / 차122, 목 E / 차122",27
글로벌커뮤니케이션센터(학사),Introduction to Women’s Sexuality,쉐리슬릭(Sheri Slick),"화 A / , 목 B / ",50
글로벌커뮤니케이션센터(학사),Korean Economy and South East Asian Markets,Haggai Kennedy Ochieng,"월 F / 차227, 수 D / 차227",6
글로벌커뮤니케이션센터(학사),Korean University Student Journalism and Publishing,마크샘플(Mark Sample),"화 D / 차121, 목 F / 차121",4
글로벌커뮤니케이션센터(학사),Ordinary Superheroes in Animated Films,마크샘플(Mark Sample),"화 B / 차122, 목 A / 차122",0
글로벌커뮤니케이션센터(학사),TED English,애덤(Adam Talbot),"화 F / 차121, 목 D / 차121",18
글로벌커뮤니케이션센터(학사),영어회화,채드(Chad Luff),월 5~6 / 차144,14
글로벌커뮤니케이션센터(학사),영어회화,피터(Peter Song),월 5~6 / 차145,15
글로벌커뮤니케이션센터(학사),영어회화,샘(Samuel Smith),월 5~6 / 차146,18
글로벌커뮤니케이션센터(학사),영어회화,마크샘플(Mark Sample),월 5~6 / 차147,14
글로벌커뮤니케이션센터(학사),영어회화,윌리엄(William Williams),월 3~4 / 차144,17
글로벌커뮤니케이션센터(학사),영어회화,메튜퍼거슨(Oliver Matthew Ferguson),월 5~6 / 차143,14
글로벌커뮤니케이션센터(학사),영어회화,루이스(Luis Adrian Jaramillo),수 3~4 / 차147,16
글로벌커뮤니케이션센터(학사),영어회화,채드(Chad Luff),월 3~4 / 차143,15
글로벌커뮤니케이션센터(학사),영어회화,마크샘플(Mark Sample),월 3~4 / 차145,16
글로벌커뮤니케이션센터(학사),영어회화,루이스(Luis Adrian Jaramillo),월 3~4 / 차146,16
글로벌커뮤니케이션센터(학사),영어회화,샘(Samuel Smith),월 7~8 / 차145,15
글로벌커뮤니케이션센터(학사),영어회화,허켈리(Kelly Un Kyong Hur),월 3~4 / 차147,14
글로벌커뮤니케이션센터(학사),영어회화,루이스(Luis Adrian Jaramillo),월 7~8 / 차143,15
글로벌커뮤니케이션센터(학사),영어회화,쉐리슬릭(Sheri Slick),월 7~8 / 차144,15
글로벌커뮤니케이션센터(학사),영어회화,애덤(Adam Talbot),월 7~8 / 차146,16
글로벌커뮤니케이션센터(학사),영어회화,채드(Chad Luff),월 7~8 / 차147,15
글로벌커뮤니케이션센터(학사),영어회화,앤써니캐셔(Anthony Kaschor),수 1~2 / 차143,16
글로벌커뮤니케이션센터(학사),영어회화,허켈리(Kelly Un Kyong Hur),월 1~2 / 차145,15
글로벌커뮤니케이션센터(학사),영어회화,애덤(Adam Talbot),수 1~2 / 차144,15
글로벌커뮤니케이션센터(학사),영어회화,앤써니캐셔(Anthony Kaschor),월 1~2 / 차143,15
글로벌커뮤니케이션센터(학사),영어회화,윌리엄(William Williams),월 1~2 / 차144,14
글로벌커뮤니케이션센터(학사),영어회화,루이스(Luis Adrian Jaramillo),월 1~2 / 차146,12
글로벌커뮤니케이션센터(학사),영어회화,채드(Chad Luff),수 1~2 / 차147,19
글로벌커뮤니케이션센터(학사),영어회화,쉐리슬릭(Sheri Slick),수 5~6 / 차145,18
글로벌커뮤니케이션센터(학사),영어회화,윌리엄(William Williams),수 1~2 / 차146,20
글로벌커뮤니케이션센터(학사),영어회화,피터(Peter Song),수 5~6 / 차143,18
글로벌커뮤니케이션센터(학사),영어회화,채드(Chad Luff),수 5~6 / 차144,18
글로벌커뮤니케이션센터(학사),영어회화,마크샘플(Mark Sample),수 1~2 / 차145,17
글로벌커뮤니케이션센터(학사),영어회화,피터(Peter Song),수 7~8 / 차143,17
글로벌커뮤니케이션센터(학사),영어회화,메튜퍼거슨(Oliver Matthew Ferguson),수 3~4 / 차143,15
글로벌커뮤니케이션센터(학사),영어회화,앤써니캐셔(Anthony Kaschor),수 3~4 / 차144,17
글로벌커뮤니케이션센터(학사),영어회화,애덤(Adam Talbot),수 3~4 / 차145,14
글로벌커뮤니케이션센터(학사),영어회화,허켈리(Kelly Un Kyong Hur),수 3~4 / 차146,16
글로벌커뮤니케이션센터(학사),영어회화,메튜퍼거슨(Oliver Matthew Ferguson),수 7~8 / 차144,18
글로벌커뮤니케이션센터(학사),영어회화,쉐리슬릭(Sheri Slick),수 7~8 / 차145,16
글로벌커뮤니케이션센터(학사),영어회화,샘(Samuel Smith),수 7~8 / 차146,18
글로벌커뮤니케이션센터(학사),전문영어: Academic Writing,피터(Peter Song),"화 A / 차121, 목 B / 차121",25
글로벌커뮤니케이션센터(학사),전문영어: Academic Writing,메튜퍼거슨(Oliver Matthew Ferguson),"월 F / 차226, 수 D / 차226",20
글로벌커뮤니케이션센터(학사),전문영어: Academic Writing,메튜퍼거슨(Oliver Matthew Ferguson),"월 B / 차121, 수 A / 차121",25
글로벌커뮤니케이션센터(학사),전문영어: Academic Writing,피터(Peter Song),"화 B / 차121, 목 A / 차121",23
글로벌커뮤니케이션센터(학사),전문영어: Business and Presentation English,채드(Chad Luff),"월 A / 차122, 수 B / 차122",0
글로벌커뮤니케이션센터(학사),전문영어: Business and Presentation English,채드(Chad Luff),"월 B / 차122, 수 A / 차122",0
글로벌커뮤니케이션센터(학사),전문영어: English through Current Events and News,윌리엄(William Williams),"월 E / 차122, 수 C / 차122",25
글로벌커뮤니케이션센터(학사),전문영어: English through Current Events and News,윌리엄(William Williams),"월 F / 차122, 수 D / 차122",24
글로벌커뮤니케이션센터(학사),전문영어: From Resume to Job Interview,마크샘플(Mark Sample),"월 E / 차121, 수 C / 차121",25
글로벌커뮤니케이션센터(학사),전문영어: From Resume to Job Interview,마크샘플(Mark Sample),"월 F / 차121, 수 D / 차121",25
글로벌커뮤니케이션센터(학사),전문영어: Introduction to Creative Writing,허켈리(Kelly Un Kyong Hur),"월 D / 차123, 수 F / 차123",25
글로벌커뮤니케이션센터(학사),전문영어: Introduction to Creative Writing,박상희,"월 C / 차123, 수 E / 차123",25
글로벌커뮤니케이션센터(학사),전문영어: Introduction to Creative Writing,허켈리(Kelly Un Kyong Hur),"월 F / 차123, 수 D / 차123",25
글로벌커뮤니케이션센터(학사),전문영어: Introduction to Voice of Influence,루이스(Luis Adrian Jaramillo),"월 D / 차124, 수 F / 차124",21
글로벌커뮤니케이션센터(학사),전문영어: Introduction to Voice of Influence,루이스(Luis Adrian Jaramillo),"월 F / 차124, 수 D / 차124",0
글로벌커뮤니케이션센터(학사),전문영어: Listening and Reading Skills Focused on Female Leadership,쉐리슬릭(Sheri Slick),"월 A / 차123, 수 B / 차123",0
글로벌커뮤니케이션센터(학사),전문영어: Listening and Reading Skills Focused on Female Leadership,쉐리슬릭(Sheri Slick),"월 B / 차123, 수 A / 차123",20
글로벌커뮤니케이션센터(학사),전문영어: Productivity and Self-Improvement,샘(Samuel Smith),"월 A / 차124, 수 B / 차124",20
글로벌커뮤니케이션센터(학사),전문영어: Productivity and Self-Improvement,샘(Samuel Smith),"월 B / 차124, 수 A / 차124",24
글로벌커뮤니케이션센터(학사),전문영어: Public Speaking Skills and Presentations,앤써니캐셔(Anthony Kaschor),"월 C / 차122, 수 E / 차122",25
글로벌커뮤니케이션센터(학사),전문영어: Public Speaking Skills and Presentations,앤써니캐셔(Anthony Kaschor),"화 A / 차122, 목 B / 차122",25
글로벌커뮤니케이션센터(학사),전문영어: Reading&Listening for Academic Materials in English,애덤(Adam Talbot),"월 C / 차121, 수 E / 차121",25
글로벌커뮤니케이션센터(학사),전문영어: Reading&Listening for Academic Materials in English,애덤(Adam Talbot),"월 D / 차121, 수 F / 차121",24
소통역량개발센터(학사),대학글쓰기(이공계),김영희,"월 F / 차250, 수 D / 차250",17
소통역량개발센터(학사),대학글쓰기(이공계),황인순,"월 E / 차254, 수 C / 차254",20
소통역량개발센터(학사),대학글쓰기(이공계),이윤빈,"월 F / 차255, 수 D / 차255",19
소통역량개발센터(학사),대학글쓰기(이공계),김혜정,"월 F / 차254, 수 D / 차254",18
소통역량개발센터(학사),대학글쓰기(이공계),권선경,"월 F / 차253, 수 D / 차253",19
소통역량개발센터(학사),대학글쓰기(이공계),이현정,"월 F / 차252, 수 D / 차252",17
소통역량개발센터(학사),대학글쓰기(이공계),양소영,"월 F / 차251, 수 D / 차251",17
소통역량개발센터(학사),대학글쓰기(인문·사회·예술계),이효영,"월 A / 차250, 수 B / 차250",14
소통역량개발센터(학사),대학글쓰기(인문·사회·예술계),김영희,"월 C / 차255, 수 E / 차255",18
소통역량개발센터(학사),대학글쓰기(인문·사회·예술계),양소영,"월 E / 차253, 수 C / 차253",15
소통역량개발센터(학사),대학글쓰기(인문·사회·예술계),권선경,"월 E / 차252, 수 C / 차252",18
소통역량개발센터(학사),대학글쓰기(인문·사회·예술계),이현정,"월 E / 차251, 수 C / 차251",17
소통역량개발센터(학사),대학글쓰기(인문·사회·예술계),김혜정,"월 E / 차250, 수 C / 차250",17
소통역량개발센터(학사),대학글쓰기(인문·사회·예술계),김윤정,"월 D / 차254, 수 F / 차254",15
소통역량개발센터(학사),대학글쓰기(인문·사회·예술계),황인순,"월 D / 차253, 수 F / 차253",18
소통역량개발센터(학사),대학글쓰기(인문·사회·예술계),이현정,"월 D / 차252, 수 F / 차252",16
소통역량개발센터(학사),대학글쓰기(인문·사회·예술계),김혜정,"월 D / 차251, 수 F / 차251",16
소통역량개발센터(학사),대학글쓰기(인문·사회·예술계),김영희,"월 D / 차250, 수 F / 차250",19
소통역량개발센터(학사),대학글쓰기(인문·사회·예술계),이윤빈,"월 C / 차254, 수 E / 차254",20
소통역량개발센터(학사),대학글쓰기(인문·사회·예술계),조진만,"월 C / 차253, 수 E / 차253",17
소통역량개발센터(학사),대학글쓰기(인문·사회·예술계),김윤정,"월 C / 차252, 수 E / 차252",15
소통역량개발센터(학사),대학글쓰기(인문·사회·예술계),양소영,"월 C / 차251, 수 E / 차251",16
소통역량개발센터(학사),대학글쓰기(인문·사회·예술계),권선경,"월 C / 차250, 수 E / 차250",16
소통역량개발센터(학사),대학글쓰기(인문·사회·예술계),이윤빈,"월 B / 차254, 수 A / 차254",20
소통역량개발센터(학사),대학글쓰기(인문·사회·예술계),황인순,"월 B / 차253, 수 A / 차253",20
소통역량개발센터(학사),대학글쓰기(인문·사회·예술계),김윤정,"월 B / 차252, 수 A / 차252",16
소통역량개발센터(학사),대학글쓰기(인문·사회·예술계),양소영,"월 B / 차251, 수 A / 차251",17
소통역량개발센터(학사),대학글쓰기(인문·사회·예술계),권선경,"월 B / 차250, 수 A / 차250",19
소통역량개발센터(학사),대학글쓰기(인문·사회·예술계),이윤빈,"월 A / 차254, 수 B / 차254",20
소통역량개발센터(학사),대학글쓰기(인문·사회·예술계),황인순,"월 A / 차253, 수 B / 차253",20
소통역량개발센터(학사),대학글쓰기(인문·사회·예술계),김윤정,"월 A / 차252, 수 B / 차252",20
소통역량개발센터(학사),대학글쓰기(인문·사회·예술계),김혜정,"월 A / 차251, 수 B / 차251",18
소통역량개발센터(학사),이해와소통세미나,이효영,"월 B / 차255, 수 A / 차255",19
소통역량개발센터(학사),이해와소통세미나,김윤수,"월 B / 인116, 수 A / 인116",16
소통역량개발센터(학사),이해와소통세미나,최인선,"월 B / 인117, 수 A / 인117",17
소통역량개발센터(학사),이해와소통세미나,오자은,"월 B / 인118, 수 A / 인118",19
소통역량개발센터(학사),이해와소통세미나,김두환,"월 B / 인134, 수 A / 인134",15
소통역량개발센터(학사),이해와소통세미나,이은애,"월 B / 인135, 수 A / 인135",16
소통역량개발센터(학사),이해와소통세미나,최인선,"월 A / 인115, 수 B / 인115",18
소통역량개발센터(학사),이해와소통세미나,오자은,"월 A / 인116, 수 B / 인116",19
소통역량개발센터(학사),이해와소통세미나,차지영,"월 A / 인117, 수 B / 인117",15
소통역량개발센터(학사),이해와소통세미나,조우호,"월 A / 인118, 수 B / 인118",15
소통역량개발센터(학사),이해와소통세미나,김연규,"월 A / 인134, 수 B / 인134",16
소통역량개발센터(학사),이해와소통세미나,이경하,"월 A / 인135, 수 B / 인135",15
소통역량개발센터(학사),이해와소통세미나,김윤수,"월 D / 인115, 수 F / 인115",18
소통역량개발센터(학사),이해와소통세미나,최인선,"월 D / 인116, 수 F / 인116",19
소통역량개발센터(학사),이해와소통세미나,오자은,"월 D / 인117, 수 F / 인117",19
소통역량개발센터(학사),이해와소통세미나,정하숙,"월 D / 인304, 수 F / 인304",15
소통역량개발센터(학사),이해와소통세미나,김성진,"월 D / 차256, 수 F / 차256",19
소통역량개발센터(학사),이해와소통세미나,곽정연,"월 D / 인330, 수 F / 인330",15
소통역량개발센터(학사),이해와소통세미나,오자은,"월 C / 인115, 수 E / 인115",17
소통역량개발센터(학사),이해와소통세미나,김윤수,"월 C / 인116, 수 E / 인116",19
소통역량개발센터(학사),이해와소통세미나,김진우,"월 C / 인117, 수 E / 인117",19
소통역량개발센터(학사),이해와소통세미나,김효정,"월 E / 인115, 수 C / 인115",19
소통역량개발센터(학사),이해와소통세미나,김윤수,"월 E / 인116, 수 C / 인116",19
소통역량개발센터(학사),이해와소통세미나,임승렬,"월 E / 유210, 수 C / 유210",21
소통역량개발센터(학사),이해와소통세미나,이향주,"월 C / 차256, 수 E / 차256",18
소통역량개발센터(학사),이해와소통세미나,이경하,"월 C / 인134, 수 E / 인134",17
소통역량개발센터(학사),이해와소통세미나,조경은,"월 C / 인135, 수 E / 인135",19
소통역량개발센터(학사),이해와소통세미나,이향주,"월 F / 차256, 수 D / 차256",19
소통역량개발센터(학사),이해와소통세미나,조경은,"월 A / 인136, 수 B / 인136",19
소통역량개발센터(학사),이해와소통세미나,이경하,"월 F / 인117, 수 D / 인117",18
소통역량개발센터(학사),이해와소통세미나,조경은,"월 F / 인118, 수 D / 인118",19
소통역량개발센터(학사),이해와소통세미나,최인선,"월 E / 인135, 수 C / 인135",17
소통역량개발센터(학사),이해와소통세미나,김연규,"월 F / 인135, 수 D / 인135",19
소통역량개발센터(학사),이해와소통세미나,이용민,"월 E / 인118, 수 C / 인118",19
소통역량개발센터(학사),이해와소통세미나,김연규,"월 E / 인134, 수 C / 인134",17
융합사고력센터(학사),컴퓨팅사고,진동욱,월 1~2 / 차323,35
융합사고력센터(학사),컴퓨팅사고,진동욱,월 5~6 / 차323,33
융합사고력센터(학사),컴퓨팅사고,박주연,월 7~8 / 차324,35
융합사고력센터(학사),컴퓨팅사고,노지예,수 1~2 / 차323,36
융합사고력센터(학사),컴퓨팅사고,진동욱,금 5~6 / 차324,35
융합사고력센터(학사),컴퓨팅사고,노지예,금 1~2 / 차323,33
융합사고력센터(학사),컴퓨팅사고,정혜진,금 1~2 / 차324,35
융합사고력센터(학사),컴퓨팅사고,노지예,금 5~6 / 차323,35
융합사고력센터(학사),컴퓨팅사고,김성애,금 7~8 / 차324,30
융합사고력센터(학사),컴퓨팅사고,노지예,금 7~8 / 차323,34
융합사고력센터(학사),컴퓨팅사고,박주연,월 3~4 / 차324,35
융합사고력센터(학사),컴퓨팅사고,노지예,월 3~4 / 차323,35
융합사고력센터(학사),컴퓨팅사고,정혜진,월 1~2 / 차324,35
융합사고력센터(학사),컴퓨팅사고,정혜진,월 5~6 / 차324,33
융합사고력센터(학사),컴퓨팅사고,김성애,수 1~2 / 차324,35
융합사고력센터(학사),컴퓨팅사고,김성애,금 3~4 / 차323,34
융합사고력센터(학사),컴퓨팅사고,정혜진,금 3~4 / 차324,34
융합사고력센터(학사),컴퓨팅사고,김성애,수 5~6 / 차323,35
융합사고력센터(학사),컴퓨팅사고,박주연,수 3~4 / 차323,29
융합사고력센터(학사),컴퓨팅사고,노지예,수 3~4 / 차324,27
융합사고력센터(학사),컴퓨팅사고,정혜진,수 5~6 / 차324,28
국어국문학전공,교양한문,이은성,"월 E / 인345, 수 C / 인345",25
국어국문학전공,교양한문,이은성,"월 F / 인345, 수 D / 인345",30
국어국문학전공,맞춤법과표준어,황현동,"화 B / 대102, 목 A / 대102",46
국어국문학전공,문학의이해,유예현,"화 D / 인345, 목 F / 인345",49
국어국문학전공,한국근대시의현장,이명찬,"월 D / 인345, 수 F / 인345",38
국어국문학전공,한국문화와이야기,김유진,"화 E / 대102, 목 C / 대102",49
국어국문학전공,한국인의삶과문학적상상력,김유진,"월 B / 대102, 수 A / 대102",35
일어일문학전공,교양일본어,이이야마다케시,"화 B / 인346, 목 A / 인346",27
일어일문학전공,교양일본어,이영아,"화 E / 인346, 목 C / 인346",25
일어일문학전공,예술매체로보는일본문화,김경숙,화 C~D / 인104,50
일어일문학전공,일본어회화,이이야마다케시,"월 A / 차121, 수 B / 차121",25
일어일문학전공,일본인과일본문화,김경숙,"화 F / 인104, 목 D / 인104",47
일어일문학전공,일본지역문화탐방,노주현,금 1~3 / ,54
중어중문학전공,교양중국어,장선우,"금 E, F / 인326",19
중어중문학전공,교양중국어,이은진,"화 A / 인327, 목 B / 인327",21
중어중문학전공,중국문화의이해,오헌필,"화 F / 차227, 목 D / 차227",22
중어중문학전공,중국어회화,위메이(Jiao Yumei),"월 C / 차124, 수 E / 차124",25
중어중문학전공,테마중국기행,오헌필,"화 E / 차227, 목 C / 차227",23
영어영문학전공,다시보는미국사회,이수영,월 10~12 / ,100
영어영문학전공,미디어속영미권사회문화이슈,애덤(Adam Talbot),"화 E / 차231, 목 C / 차231",34
영어영문학전공,영미소설과미디어콘텐츠,애덤(Adam Talbot),"화 B / 인102, 목 A / 인102",28
불어불문학전공,교양프랑스어,권영신,"화 B / 인302, 목 A / 인302",26
불어불문학전공,교양프랑스어,차지영,"화 E / 인302, 목 C / 인302",29
불어불문학전공,신화와예술,손경애,"월 E / 대101, 수 C / 대101",33
불어불문학전공,프랑스어권문화이해,권영신,"화 D / 대101, 목 F / 대101",32
불어불문학전공,프랑스어회화,앙토니 꼬레이야,"월 E / 차123, 수 C / 차123",23
독어독문학전공,Intercultural competence and Korean society,다니엘 슈무츠(Daniel Schmutz),"월 D / 차232, 수 F / 차232",5
독어독문학전공,교양독일어,조우호,"화 D / 인326, 목 F / 인326",0
독어독문학전공,교양독일어,김동조,금 E~F / 인304,30
독어독문학전공,독일어회화,다니엘 슈무츠(Daniel Schmutz),"월 C / 차231, 수 E / 차231",25
독어독문학전공,서양문학과호모이코노미쿠스인간론,조우호,"월 E / 인303, 수 C / 인303",0
독어독문학전공,유럽공연예술,곽정연,"화 E / 인342, 목 C / 인342",24
독어독문학전공,프로이트문화비평과여성,곽정연,"월 F / 인303, 수 D / 인303",28
스페인어전공,교양스페인어,김상윤,"월 C / 인304, 수 E / 인304",30
스페인어전공,교양스페인어,권은희,"화 D / 인342, 목 F / 인342",30
스페인어전공,스페인어회화,라이먼(Raimon Blancafort Lopez),"월 E / 인344, 수 C / 인344",25
스페인어전공,잃어버린세계를찾아,이종득,"화 E / 인112, 목 C / 인112",49
스페인어전공,회화예술로본스페인,김경란,금 C~D / 인326,49
사학전공,젠더의역사,권은혜,"월 D / 인104, 수 F / 인104",0
사학전공,한국현대사,김정신,"화 D / 인101, 목 F / 인101",47
사학전공,한국현대사,홍정완,"월 A / 인103, 수 B / 인103",44
철학전공,문자로읽는아시아의문화와사상,이수미,토 7~9 / ,99
철학전공,미와예술의철학적성찰,오윤정,"월 A / 인104, 수 B / 인104",29
철학전공,윤리란무엇인가?,변문숙,금 E~F / 인101,46
철학전공,인간과사상,이재춘,화 C~D / 차227,40
미술사학전공,게임의역사,정수희,"화 A / 대103, 목 B / 대103",49
미술사학전공,문화콘텐츠와미술문화,정수희,"화 B / 대103, 목 A / 대103",46
미술사학전공,서양미술의이해,정무정,"월 D / 대107, 수 F / 대107",31
미술사학전공,한국미술의이해,박은순,"화 C / 대101, 목 E / 대101",0
문화인류학전공,낯설게보는한국문화,최시현,"화 C / 차124, 목 E / 차124",22
문화인류학전공,비교문화론,김관욱,"화 B / 대106, 목 A / 대106",49
문화인류학전공,현대사회의부족들,함세정,"월 F / 인344, 수 D / 인344",37
경영학전공,개인재무설계의이해,이황희,"월 D / 대102, 수 F / 대102",50
경영학전공,정보기술의이해,노태협,"월 E / , 수 C / ",40
경영학전공,현대사회와기업경영,주정은,"월 A / 대102, 수 B / 대102",27
회계학전공,회계학개론,송혁준,"화 D / 인327, 목 F / 인327",19
국제통상학전공,경제와사회,박응석,금 E~F / 차243,44
국제통상학전공,무역현장실습1,원동환,토 C~D / 차244,0
국제통상학전공,무역현장실습2,원동환,토 E~F / 차244,0
국제통상학전공,세계경제의이해,박현용,금 1~3 / ,80
법학전공,여성과법률,주승희,"월 F / , 수 D / ",59
법학전공,인권과노동법,강수경,"월 E / 차243, 수 C / 차243",48
법학전공,저작권과문화,조채영,금 E~F / 대101,45
사회학전공,The Making of Contemporary Korea(영어강의),김두환,"월 D / 차231, 수 F / 차231",6
사회학전공,Women and Families in Korean Society(영어강의),김은정,"월 F / 차231, 수 D / 차231",17
사회학전공,대중매체를통해서보는사회와문화,김은정,"월 E / 차231, 수 C / 차231",48
문헌정보학전공,학술정보활용과검색,정진수,"화 C / 차323, 목 E / 차323",50
심리학전공,성과심리,박예나,"화 B / 차244, 목 A / 차244",37
심리학전공,여성심리학,김미리혜,"화 B / 차123, 목 A / 차123",46
심리학전공,정서의이해와조절,박예나,"화 A / 차244, 목 B / 차244",46
심리학전공,중독의심리,김미리혜,"화 E / 차121, 목 C / 차121",50
아동가족학전공,부모교육및상담,한아름,"월 C / 인345, 수 E / 인345",49
사회복지학전공,영상예술과사회복지,김진우,"월 E / 대103, 수 C / 대103",50
사회복지학전공,우리가만드는복지국가,은석,"월 F / 인101, 수 D / 인101",47
정치외교학전공,글로벌이슈와세계정치,임희수,월 E~F / 차232,24
정치외교학전공,기후변화와글로벌환경문제의이해,김유철,"화 D / 차231, 목 F / 차231",48
정치외교학전공,인간과정치권력:철학과역사,조진만,"월 D / 차243, 수 F / 차243",47
정치외교학전공,정치학으로의산책,김우연,수 C~D / 차228,50
의상디자인전공,패션심리와소비문화,최미영,"화 B / 자B206, 목 A / 자B206",37
의상디자인전공,패션이미지와스타일링,김성은,금 A~B / 대102,0
컴퓨터공학전공,데이터와친해지기,이주영,월 E~F / 차323,35
컴퓨터공학전공,프로그래밍과친해지기,이찬수,금 A~B / 차337,41
IT미디어공학전공,소셜그래픽,박성희,금 E~F / 차326,30
IT미디어공학전공,소셜그래픽,박성희,금 C~D / 차326,30
IT미디어공학전공,소셜퍼블리싱,박성희,금 A~B / 차326,29
소프트웨어전공,4차산업혁명과미래사회,주성순,금 A~B / 차226,0
소프트웨어전공,생활코딩-스크래치,주성순,금 C~D / 차235,33
소프트웨어전공,인공지능과사회,이형규,"월 D / 차246, 수 F / 차246",36
소프트웨어전공,컴퓨터의이해와활용,음두헌,"월 F / 차235, 수 D / 차320",0
정보통계학전공,데이터와정보세계,민대기,"화 A, B / 차124",40
화학전공,현대화학의이해,김선영,"월 C / 자B203, 수 E / 자B203",33
화학전공,화학의세계,박현,"화 B / 자B203, 목 A / 자B203",47
식품영양학전공,Exploring Korean & Asian Culture through Tea Spirits(영어강의),정하숙,"화 D / 차228, 목 F / 차228",19
식품영양학전공,와인과문화,김건희,토 1~3 / ,100
식품영양학전공,천연물과학탐구,정하숙,"화 F / 차233, 목 D / 차233",33
식품영양학전공,향기과학의이해,이소영,"월 E / 대104, 수 C / 대104",39
식품영양학전공,현대인의식생활,김다미,"화 A / 인103, 목 B / 인103",50
생활체육학전공,교양골프,강준상,목 5~6 / 라001,29
생활체육학전공,교양볼링,강준상,화 3~4 / 라001,30
생활체육학전공,교양볼링,권영삼,수 3~4 / 라001,22
생활체육학전공,운동과 체형관리,변지용,수 5~6 / 라101,26
생활체육학전공,트레킹과등산,김준동,월 10~11 / 라001,28
생활체육학전공,휘트니스 트레이닝,김준동,월 7~8 / 라002,27
약학과,과학사,정우현,"화 F / 대103, 목 D / 대103",37
약학과,여성과보건,이환희,"화 A / 대202, 목 B / 대202",44
약학과,유전자와사회,차옥경,"월 F / 대104, 수 D / 대104",40
동양화전공,미술전시의이해,강재희,수 A~B / 대101,31
동양화전공,예술가와창의적표현,강재희,금 A~B / 대101,46
동양화전공,테마로읽는현대미술,차은영,화 C~D / 대104,45
서양화전공,사진의이해,박진식,월 C~D / 차228,43
서양화전공,아트인라이프,안현정,월 E~F / 차228,39
실내디자인전공,기초3D프로그램,이미희,금 A~B / L305,22
시각디자인전공,디지털디자인,김천수,금 A~B / 차325,30
시각디자인전공,세계디자인탐구,신지원,목 C~D / 차122,28
시각디자인전공,트랜스미디어와사용자경험디자인,이정선,목 E~F / 차325,0
텍스타일디자인전공,모바일로만드는문화컨텐츠,최형욱,목 E~F / 대104,0
텍스타일디자인전공,문화로읽는리빙스타일,박재영,금 C~D / 대105,29
텍스타일디자인전공,문화예술전시의이해,최형욱,목 C~D / 대204,26
사회봉사과(학사),사회봉사2,정선욱,,37
사회봉사과(학사),자원봉사1,손재현,,0
사회봉사과(학사),자원봉사2,손재현,,0
글로벌교육원(학사),외국인을 위한 한국어 수업(초급),임현아,"월 B / 인112, 수 A / 인112",15
글로벌교육원(학사),외국인을위한 시사한국어,김효정,"금 A, B / 인328",28
글로벌교육원(학사),외국인을위한 한국어읽기와 쓰기(중급),김효정,"금 C, D / 인328",23
글로벌교육원(학사),외국인을위한학술적글쓰기1,임현아,"월 A / 인112, 수 B / 인112",22
글로벌교육원(학사),외국인을위한학술적글쓰기2,임현아,"월 C / 인112, 수 E / 인112",17
차미리사교양대학 교학과(학사),건축으로읽는도시,이길훈,"화 E / 인104, 목 C / 인104",37
차미리사교양대학 교학과(학사),글로벌시대의예술과가치,이정욱,,40
차미리사교양대학 교학과(학사),나이듦의인문학적이해,이정욱,,40
차미리사교양대학 교학과(학사),노동인권,이수호,금 C~D / 인301,29
차미리사교양대학 교학과(학사),도시의이해,이길훈,"화 C / 인101, 목 E / 인101",47
차미리사교양대학 교학과(학사),문화기술과사회변동,이정욱,,40
차미리사교양대학 교학과(학사),문화행정론,이정욱,,40
차미리사교양대학 교학과(학사),사회정의와교육정책,이용민,"월 C / 인103, 수 E / 인103",33
차미리사교양대학 교학과(학사),상상과창조,이정욱,,39
차미리사교양대학 교학과(학사),색채심리와현대생활,이정욱,,40
차미리사교양대학 교학과(학사),생활속의계약과협상,이정욱,,39
차미리사교양대학 교학과(학사),성공하는문화콘텐츠소재개발전략,이정욱,,40
차미리사교양대학 교학과(학사),실용금융의이해,장순택,월 3~4 / 차233,22
차미리사교양대학 교학과(학사),여성과노동,김주희,"월 E / 인102, 수 C / 인102",30
차미리사교양대학 교학과(학사),여성과현대사회,김주희,"월 C / 인102, 수 E / 인102",30
차미리사교양대학 교학과(학사),웰니스와삶의질,이정욱,,40
차미리사교양대학 교학과(학사),위대하고위험한약이야기,정진호,"월 E / 인101, 수 C / 인101",50
차미리사교양대학 교학과(학사),음식과세계문화,김건희,,99
차미리사교양대학 교학과(학사),인공지능과메이커의세계,김성애,화 E~F / 차326,0
차미리사교양대학 교학과(학사),인공지능과윤리,박주연,토 1~3 / ,49
차미리사교양대학 교학과(학사),인공지능의이해,박주연,화 E~F / 차325,28
차미리사교양대학 교학과(학사),젠더와문화,김주희,"화 E / 인102, 목 C / 인102",30
차미리사교양대학 교학과(학사),지속가능한미래와공존을위한창의성,이용민,"화 C / 인103, 목 E / 인103",36
차미리사교양대학 교학과(학사),지역사회와문화기획,김도혜,"화 E / 인101, 목 C / 인101",0
차미리사교양대학 교학과(학사),테크노경영학,이정욱,,40
차미리사교양대학 교학과(학사),행복이란무엇인가,이용민,"화 E / 인103, 목 C / 인103",36
대학일자리본부(학사),기업실무인턴십1,손재현,,9
대학일자리본부(학사),기업실무인턴십2,손재현,,10
대학일자리본부(학사),기업실무인턴십3,손재현,,2
대학일자리본부(학사),나의진로나의꿈,장승환,금 3 / 대204,218
대학일자리본부(학사),나의진로나의꿈,신상현,금 7 / 대205,211
대학일자리본부(학사),나의진로나의꿈,장승환,금 7 / 대204,195
대학일자리본부(학사),나의진로나의꿈,신상현,금 4 / 대205,186
대학일자리본부(학사),나의진로나의꿈,장승환,금 4 / 대204,211
대학일자리본부(학사),나의진로나의꿈,신상현,금 3 / 대205,219
대학일자리본부(학사),성공취업전략,손재현,월 3~4 / 대204,73
대학일자리본부(학사),자기이해와직업세계1,손재현,월 E~F / 대203,46
대학일자리본부(학사),자기이해와직업세계2,손재현,수 E~F / 대203,48
대학일자리본부(학사),진로탐색과 설계,손재현,수 5~6 / 대203,28
대학일자리본부(학사),해외취업실무10,손재현,,0
대학일자리본부(학사),해외취업실무6,손재현,,2
대학일자리본부(학사),해외취업실무7,손재현,,1
대학일자리본부(학사),해외취업실무8,손재현,,0
대학일자리본부(학사),해외취업실무9,손재현,,1
창업센터(학사),벤처창업과경영의이해,신상현,"화 E / 대106, 목 C / 대106",50
창업센터(학사),우머노믹스:여성기업가정신과창업(소셜벤처),주재만,"월 C / 대101, 수 E / 대101",0
창업센터(학사),창업마케팅의이해,장승환,"화 C / 차248, 목 E / 차248",49
교직학부,교육과정,최윤희,수 10~11 / 차230,0
교직학부,교육방법 및 교육공학,강명희,월 7~8 / 차225,0
교직학부,교육방법 및 교육공학,강명희,수 7~8 / 차225,12
교직학부,교육봉사활동,강명희,,31
교직학부,교육사회,손영일,금 3~4 / 차230,15
교직학부,교육심리,오혜림,월 3~4 / 차230,21
교직학부,교육철학 및 교육사,손영일,금 5~6 / 차230,19
교직학부,교육평가,오혜림,월 7~8 / 차230,22
교직학부,교육학개론,오혜림,월 1~2 / 차230,20
교직학부,교육학개론,박주연,수 7~8 / 차247,10
교직학부,교육행정 및 교육경영,조재형,금 1~2 / 차225,13
교직학부,교직실무,최윤희,금 10~11 / 차230,17
교직학부,특수교육학개론,미정,수 5~6 / 차225,12
교직학부,특수교육학개론,미정,수 7~8 / 차230,0
교직학부,학교폭력예방및학생의이해,강명희,금 3~4 / 차225,20
교직학부,학교폭력예방및학생의이해,강명희,금 7~8 / 차225,20
유아교육과,교육봉사활동,이경옥,,24
유아교육과,교직실무,김선희,화 1~2 / 유201,25
유아교육과,교직실무,김선희,목 1~2 / 유201,16
교직학부,가정교과교재연구및지도법,유세종,화 G~H / 차231,5
교직학부,교과논리및논술,유현정,목 G~H / 차225,15
교직학부,국어교과교재연구및지도법,김지형,화 G~H / 차225,2
교직학부,미술교과교재연구및지도법,Choi Yun Hee,화 A~B / 차225,1
교직학부,상업교과교재연구및지도법,권혜민,수 G~H / 차231,4
교직학부,수학교과교재연구및지도법,김지현,수 G~H / 차225,1
교직학부,외국어교과교재연구및지도법1,노주현,"화 B / 인343, 목 A / 인343",2
교직학부,외국어교과교재연구및지도법2,나성덕,화 G~H / 차230,3
교직학부,의상교과교재연구및지도법,오송윤,화 C~D / 자C306,2
교직학부,화학교과교재연구및지도법,최윤희,월 G~H / 차225,1
국어국문학전공,고전문학과 문화콘텐츠,정솔미,화 A~B / 인344,16
국어국문학전공,고전문학의쟁점과전망,김유진,"화 B / 인344, 목 A / 인344",0
국어국문학전공,고전산문강독,김유진,"화 C / 인345, 목 E / 인345",36
국어국문학전공,국어국문학과내일,김유진,"화 D / , 화 D / 대102, 목 F / , 목 F / 대102",38
국어국문학전공,국어문법론,박경남,수 C~D / 인302,39
국어국문학전공,국어사,최준호,목 A~B / 인326,20
국어국문학전공,국어정서법,김지은,"월 C / 대102, 수 E / 대102",39
국어국문학전공,문학교육론,이명찬,"화 C / 인344, 목 E / 인344",2
국어국문학전공,시조·가사의이해,김은희,월 E~F / 인302,14
국어국문학전공,시창작론,이명찬,"화 E / 인344, 목 C / 인344",29
국어국문학전공,의사소통교육론,조은영,월 C~D / 대106,5
국어국문학전공,지역방언과사회방언,김지은,"화 E / 인327, 목 C / 인327",15
국어국문학전공,한국현대시인론,이명찬,"월 F / 인327, 수 D / 인327",12
국어국문학전공,한국현대작가론,이은애,"월 A / 인344, 수 B / 인344",16
국어국문학전공,현대문학의이해,이은애,"화 F / 인344, 목 D / 인344",9
국어국문학전공,현대소설론,유예현,"화 F / 인303, 목 D / 인303",23
일어일문학전공,J-POP일본어문법,노주현,"화 D / 인346, 목 F / 인346",29
일어일문학전공,NHK뉴스집중분석,호규진,"월 F / 인346, 수 D / 인346",19
일어일문학전공,기초일본어독해2,손재현,금 4~6 / ,27
일어일문학전공,기초일본어회화2,사까이마유미(Sakai Mayumi),"화 F / 인113, 목 D / 인113",16
일어일문학전공,쉽게배우는일본어작문2,이이야마다케시,"화 C / 인346, 목 E / 인346",20
일어일문학전공,실전일본어독해2,호규진,"월 E / 인346, 수 C / 인346",15
일어일문학전공,실전일본어회화2,사까이마유미(Sakai Mayumi),"화 E / 인345, 목 C / 인345",12
일어일문학전공,영상으로배우는생활일본어회화2,이이야마다케시,"화 A / 인346, 목 B / 인346",0
일어일문학전공,일본문학의 흐름,이영아,"화 F / 인345, 목 D / 인345",10
일어일문학전공,일본사회와 생활문화,노주현,"월 D / 인346, 수 F / 인346",12
일어일문학전공,취업실무일본어,이이야마다케시,"월 B / 인346, 수 A / 인346",12
일어일문학전공,한일이문화커뮤니케이션,노주현,"월 C / 인346, 수 E / 인346",9
중어중문학전공,고급중국어,권현정,"화 F / 인330, 목 D / 인330",18
중어중문학전공,고급중국어강독,신진아,"월 D / 인328, 수 F / 인328",22
중어중문학전공,고급중국어회화,위메이(Jiao Yumei),"월 E / 인327, 수 C / 인327",17
중어중문학전공,고급중국어회화,위메이(Jiao Yumei),"화 A / 인328, 목 B / 인328",12
중어중문학전공,중국근.현대문학사,김경남,금 C~D / 인303,16
중어중문학전공,중국어어법,장선우,금 A~B / 인303,13
중어중문학전공,중국어통번역,김지연,"월 A / 인328, 수 B / 인328",24
중어중문학전공,중국지역문화기행,신진아,"월 C / 인328, 수 E / 인328",26
중어중문학전공,초급중국어,박민준,"화 D / 인332, 목 F / 인332",25
중어중문학전공,초급중국어강독,김세미,"화 F / 인328, 목 D / 인328",25
중어중문학전공,초급중국어회화,위메이(Jiao Yumei),"화 B / 인330, 목 A / 인330",12
중어중문학전공,초급중국어회화,김지연,"월 F / 인328, 수 D / 인328",13
중어중문학전공,초급중국어회화,권현정,"화 E / 인326, 목 C / 인326",12
중어중문학전공,현대산문,김경남,"화 E / 인328, 목 C / 인328",27
중어중문학전공,현대소설선독,김경남,"화 C / 인328, 목 E / 인328",22
영어영문학전공,글로벌시대의 번역,이수영,"월 D / 대205, 수 F / 대205",66
영어영문학전공,드라마와 퍼포먼스,김문규,금 E~F / 차231,0
영어영문학전공,영문법특강,윤희철,"화 F / 차232, 목 D / 차232",54
영어영문학전공,영소설과 미디어의 세계,우정민,"월 C / 차136, 수 E / 차136",36
영어영문학전공,영시와문화읽기,우정민,"화 C / 차232, 목 E / 차232",21
영어영문학전공,영어권 에세이,우정민,"화 E / 차232, 목 C / 차232",12
영어영문학전공,영어권문화상품탐방,이수영,토 1~3 / ,91
영어영문학전공,영어권지역의 이해,이수영,"월 F / 인103, 수 D / 인103",57
영어영문학전공,영어어휘분석과적용,최정혜,금 A~B / 차231,0
영어영문학전공,영어영문진로탐색과설계2,이수영,"화 F / 차246, 목 D / 차246",22
영어영문학전공,영어음성학,윤희철,"월 E / 인342, 수 C / 인342",37
영어영문학전공,영어텍스트 분석전략,박상희,"화 D / 대202, 목 F / 대202",75
불어불문학전공,DELF1,차지영,"화 C / 인302, 목 E / 인302",11
불어불문학전공,DELF2,앙토니 꼬레이야,"화 B / 인303, 목 A / 인303",5
불어불문학전공,대화로배우는프랑스어중급문법,김이정,수 E~F / 인302,12
불어불문학전공,의사소통프랑스어2(읽기),차지영,"화 A / 인302, 목 B / 인302",9
불어불문학전공,장르별프랑스어텍스트번역실습,백선희,월 C~D / 인302,15
불어불문학전공,중급프랑스어회화,앙토니 꼬레이야,"월 B / 인302, 수 A / 인302",7
불어불문학전공,프랑스명작산문산책,손경애,"화 C / 차123, 목 E / 차123",8
불어불문학전공,프랑스명품기업문화커뮤니케이션,권경인,금 C~D / 인302,0
불어불문학전공,프랑스문학과영화,손경애,"월 C / 차227, 수 E / 차227",0
불어불문학전공,프랑스어작문,앙토니 꼬레이야,"화 F / 인302, 목 D / 인302",14
불어불문학전공,프랑스어텍스트분석,앙토니 꼬레이야,"화 D / 인303, 목 F / 인303",0
불어불문학전공,프랑스연극,임애리,금 E~F / 인302,6
독어독문학전공,기초독일어2,조우호,"월 C / 인303, 수 E / 인303",12
독어독문학전공,기초독일어쓰기,조우호,"화 F / 인343, 목 D / 인343",4
독어독문학전공,기초독일어회화2,다니엘 슈무츠(Daniel Schmutz),"화 A / 인332, 목 B / 인332",7
독어독문학전공,독일명작과문화경영,조우호,"월 D / 인303, 수 F / 인303",6
독어독문학전공,독일아동청소년문학과 문화콘텐츠,곽정연,"화 C / 인343, 목 E / 인343",8
독어독문학전공,독일어필수문법2,조우호,"화 E / 인343, 목 C / 인343",12
독어독문학전공,독일연극과영화,곽정연,"화 D / 인343, 목 F / 인343",5
독어독문학전공,비즈니스독일어,다니엘 슈무츠(Daniel Schmutz),"월 F / 인332, 수 D / 인332",0
독어독문학전공,생활독일어와응용독일어2,다니엘 슈무츠(Daniel Schmutz),"월 E / 인328, 수 C / 인328",8
독어독문학전공,실용독일어번역연습,김동조,금 C~D / 인304,4
독어독문학전공,중급독일어회화2,다니엘 슈무츠(Daniel Schmutz),"화 B / 인332, 목 A / 인332",5
스페인어전공,라틴아메리카사회와문화,이종득,"월 C / , 월 C / 인342, 수 E / , 수 E / 인342",32
스페인어전공,라틴아메리카정치.경제,김유경,"화 E / 인330, 목 C / 인330",16
스페인어전공,라틴아메리카현대소설과시,이종득,"월 F / 인343, 수 D / 인343",11
스페인어전공,스페인문학사,정수현,"화 D / 인331, 목 F / 인331",11
스페인어전공,영상매체와언론스페인어,라이먼(Raimon Blancafort Lopez),"화 F / 인112, 목 D / 인112",12
스페인어전공,중급 스페인어 강독·작문2,권은희,"월 E / 인343, 수 C / 인343",21
스페인어전공,중급 스페인어문법2,김상윤,"화 B / 인301, 목 A / 인301",22
스페인어전공,중급 스페인어회화2,라이먼(Raimon Blancafort Lopez),"월 B / 인343, 수 A / 인343",11
스페인어전공,초급 스페인어강독·작문2,권은희,"화 C / 인304, 목 E / 인304",31
스페인어전공,초급 스페인어문법2,김상윤,"화 E / 인113, 목 C / 인113",32
스페인어전공,초급스페인어회화2,라이먼(Raimon Blancafort Lopez),"화 A / 인331, 목 B / 인331",12
스페인어전공,초급스페인어회화2,라이먼(Raimon Blancafort Lopez),"월 D / 인343, 수 F / 인343",15
스페인어전공,한서 통역·번역의 이론과 실습,김영주,금 A~B / 인304,0
사학전공,서양최근세사,양재혁,"화 C / 인331, 목 E / 인331",0
사학전공,세계문화유산과서양사연구,차승현,금 A~B / 인301,18
사학전공,역사란무엇인가?,김성운,"화 A / 인330, 목 B / 인330",24
사학전공,주제로본동양사,김성운,"월 E / 인301, 수 C / 인301",16
사학전공,주제로본서양사,이현주,금 C~D / 차228,0
사학전공,중국근∙현대사,김성운,"화 B / 인331, 목 A / 인331",15
사학전공,중국중세사,이완석,"화 D / 인102, 목 F / 인102",14
사학전공,퍼블릭 히스토리를 통해 본 사학전공 진로탐색,최주희,"화 E / , 화 E / 인331, 목 C / , 목 C / 인331",18
사학전공,한국근대사,최주희,"월 C / 인301, 수 E / 인301",23
사학전공,한국사특강,김정신,"화 F / 인342, 목 D / 인342",8
사학전공,한국중세사,박찬우,"월 F / 인304, 수 D / 인304",11
사학전공,해방전후시기의역사,홍정완,"월 B / 인328, 수 A / 인328",16
철학전공,가치론,장태순,"화 F / 인118, 목 D / 인118",8
철학전공,동양인의사유2,이수미,"월 F / 인326, 수 D / 인326",15
철학전공,동양철학세미나,이수미,"화 F / 인326, 목 D / 인326",12
철학전공,마음의철학,한우진,"화 E / 차228, 목 C / 차228",0
철학전공,서양철학세미나,한우진,"화 D / 인118, 목 F / 인118",12
철학전공,예술철학,장태순,"월 C / 차119, 수 E / 차119",22
철학전공,인식론과형이상학,한우진,"월 D / 차226, 수 F / 차226",21
철학전공,포스트모더니즘,장태순,"화 B / 차137, 목 A / 차137",23
철학전공,한국의 철학사상,이수미,"월 E / 인326, 수 C / 인326",7
철학전공,현대사회와윤리,박지희,"화 C / 인326, 목 E / 인326",0
철학전공,현대유럽철학,오윤정,"월 B / 인104, 수 A / 인104",16
미술사학전공,동양미술사,김은경,"월 B / 인326, 수 A / 인326",19
미술사학전공,동양회화사,박은순,"화 E / 대105, 목 C / 대105",20
미술사학전공,르네상스와바로크미술,이지연,화 F~G / 인331,25
미술사학전공,문화유산의이해와실무,정수희,"월 D / 인104, 수 F / 인104",37
미술사학전공,미술사방법론과실제,김수진,목 E~F / 인330,13
미술사학전공,서양미술사,이지연,월 F~G / 인330,15
미술사학전공,서양현대미술,정무정,"화 A / 대104, 목 B / 대104",27
미술사학전공,아시아미술과종교,이송란,"월 C / 인330, 수 E / 인330",20
미술사학전공,한국공예와디자인,이송란,"월 E / 인330, 수 C / 인330",17
미술사학전공,한국도자사,김은경,"월 F / 인331, 수 D / 인331",24
문화인류학전공,글로벌 이슈와 인류학,이응철,"월 F / 차233, 수 D / 차233",24
문화인류학전공,대중문화의인류학,함세정,"월 D / 인112, 수 F / 인112",32
문화인류학전공,도시와문화,이응철,"화 A / 차228, 목 B / 차228",12
문화인류학전공,몸의인류학,김관욱,"월 C / 차139, 수 E / 차139",36
문화인류학전공,문화와정체성,이수유,"월 C / 인332, 수 E / 인332",19
문화인류학전공,사회과학이론과 인류학,지은숙,"화 D / 인304, 목 F / 인304",20
문화인류학전공,산업현장과에스노그라피의응용(캡스톤디자인),채현정,"화 E / 차124, 목 C / 차124",12
문화인류학전공,에스노그라피실습,채현정,"월 B / 차247, 수 A / 차247",53
문화인류학전공,여성주의인류학,지은숙,"화 F / 차123, 목 D / 차123",23
문화인류학전공,영상미디어인류학실습,고유정,금 C~D / 차231,16
문화인류학전공,인류학의역사와문화이론,채현정,"화 C / 차139, 목 E / 차139",70
문화인류학전공,테크놀로지와인간,김관욱,"월 E / 차139, 수 C / 차139",39
문화인류학전공,현장연구실습2,김도혜,"월 A / 차247, 수 B / 차247",53
경영학전공,ICT비즈니스,노태협,목 C~D / 차324,14
경영학전공,경영세미나,이황희,"화 A / 차136, 목 B / 차136",50
경영학전공,경영수학,나재석,"월 A / 차244, 수 B / 차244",38
경영학전공,경영수학(영어강의),나재석,"월 B / 차232, 수 A / 차232",0
경영학전공,경영자료처리,하상현,월 C~D / 차326,40
경영학전공,경영자료처리,주정은,"월 B / 차325, 수 A / 차325",37
경영학전공,경영자료처리,주정은,화 E~F / 차323,37
경영학전공,경영전략,김경묵,"화 A / 차119, 목 B / 차119",11
경영학전공,경영전략,김경묵,"화 B / 대104, 목 A / 대104",10
경영학전공,경영전산응용실습,노태협,화 C~D / 차325,38
경영학전공,경영조직론,김민지,수 E~F / 차228,46
경영학전공,경영조직론,김민지,목 C~D / 차230,52
경영학전공,경영통계학,나재석,"화 C / 차326, 목 E / 차326",44
경영학전공,경영통계학,나재석,"화 D / 차323, 목 F / 차323",42
경영학전공,광고론,조연진,"화 D / 차244, 목 F / 차244",41
경영학전공,국제경영학,정지용,"월 E / 차119, 수 C / 차119",47
경영학전공,국제경영학,정지용,"화 E / 차139, 목 C / 차139",46
경영학전공,글로벌마케팅전략2 (캡스톤디자인),정지용,"월 C / 차138, 수 E / 차138",43
경영학전공,금융기관경영론,장욱,"월 F / 차243, 수 D / 차243",39
경영학전공,노사관계의 이해,이상묵,"화 B / 차119, 목 A / 차119",67
경영학전공,마케팅관리,김민서,"화 A / 차248, 목 B / 차248",56
경영학전공,마케팅관리,유정민,금 4~6 / ,80
경영학전공,마케팅관리,김민서,"화 B / 차233, 목 A / 차233",27
경영학전공,메이커창작경영실습(캡스톤디자인),노태협,목 E~F / 언B118,18
경영학전공,메이커창작경영실습(캡스톤디자인),노태협,목 E~F / 언B119,17
경영학전공,벤처경영론,김경묵,"월 B / 차119, 수 A / 차119",24
경영학전공,사회적경제기업실습(캡스톤디자인),노태협,수 A~B / 차233,15
경영학전공,서비스마케팅,유정민,"화 E / 차247, 목 C / 대107",59
경영학전공,서비스마케팅(영어강의),유정민,"화 F / 차247, 목 D / 차248",38
경영학전공,재무관리,장욱,"월 E / 차247, 수 C / 차247",43
경영학전공,재무관리,이황희,"월 F / 차119, 수 D / 차119",84
경영학전공,증권투자론,장욱,화 E~F / 인304,20
경영학전공,창업현장실습1(경영),하상현,월 E~F / 인113,17
경영학전공,현대경영관리,이상묵,"화 D / 차119, 목 F / 차119",64
경영학전공,현대경영관리,이상묵,"화 F / 차119, 목 D / 차119",69
회계학전공,고급회계,송혁준,"화 F / 인327, 목 D / 인327",58
회계학전공,국세기본법,차상권,목 C~D / 차247,73
회계학전공,부가가치세법,안숙찬,"화 E / 차248, 목 C / 차248",63
회계학전공,비영리회계,윤회,"월 D / 인101, 수 F / 인101",48
회계학전공,소득세회계,차상권,목 A~B / 차247,87
회계학전공,원가회계,김이배,"월 A / 인327, 수 B / 인327",25
회계학전공,원가회계,김이배,"월 B / 인327, 수 A / 인327",48
회계학전공,전산회계,황선필,화 A~B / 차326,38
회계학전공,전산회계,황선필,화 E~F / 차324,16
회계학전공,중급회계1,안숙찬,"월 C / 차248, 수 E / 차248",60
회계학전공,중급회계1,안숙찬,"월 E / 차248, 수 C / 차248",47
회계학전공,회계이론,윤회,"월 C / 인101, 수 E / 인101",59
회계학전공,회계정보처리,송혁준,"월 D / 인327, 수 F / 인327",23
회계학전공,회계학세미나,김준철,"월 F / 차248, 수 D / 차248",14
국제통상학전공,FTA통상실무(캡스톤디자인),조연성,월 E~F / 차244,10
국제통상학전공,Global Business Communications(Executive),Haggai Kennedy Ochieng,"월 B / 차122, 수 A / 차122",11
국제통상학전공,Global Business Communications(Manager),앤써니캐셔(Anthony Kaschor),"화 E / 차136, 목 C / 차136",22
국제통상학전공,Global Business Communications(Manager),애덤(Adam Talbot),"화 A / 차256, 목 B / 차256",11
국제통상학전공,거시경제학,백철우,"화 B / 차245, 목 A / 차245",39
국제통상학전공,거시경제학,박현용,"월 C / 차245, 수 E / 차245",17
국제통상학전공,경제원론2,백철우,"화 A / 차245, 목 B / 차245",68
국제통상학전공,경제원론2,박현용,"월 D / 차245, 수 F / 차245",11
국제통상학전공,경제원론2,박현용,"화 C / 차245, 목 E / 차245",37
국제통상학전공,경제통계학,백철우,"월 E / 차326, 수 C / 차326",35
국제통상학전공,국제결제론,이경래,금 C~D / 차243,18
국제통상학전공,국제결제론(영어강의),김상만,"화 A / 차246, 목 B / 차246",32
국제통상학전공,국제무역환경론,원동환,"월 B / 차244, 수 A / 차244",68
국제통상학전공,국제물류론,남현정,"화 C / 차247, 목 E / 차247",35
국제통상학전공,국제물류론,남현정,"화 E / 차246, 목 C / 차246",39
국제통상학전공,국제보험론,이경래,"화 C / 차246, 목 E / 차246",21
국제통상학전공,국제보험론,이경래,"화 E / 차245, 목 C / 차245",0
국제통상학전공,국제통상의현재와미래,원동환,"화 D / 차246, 목 F / 차246",51
국제통상학전공,무역마케팅전략,원동환,"월 A / 차245, 수 B / 차245",68
국제통상학전공,무역법규론,김상만,"월 F / 차245, 수 D / 차245",56
국제통상학전공,무역실무론2,남현정,"월 E / 차245, 수 C / 차245",78
국제통상학전공,무역실무론2,박현용,"화 D / 차245, 목 F / 차245",24
국제통상학전공,무역영어,김상만,"화 B / 차246, 목 A / 차246",66
국제통상학전공,벤처창업현장실습,김성호,목 C~D / 차225,11
법학전공,경제법개론,송일두,"월 A / 인326, 수 B / 인326",0
법학전공,경찰학개론,주승희,"화 A / 차243, 목 B / 차243",62
법학전공,민법총칙2,김도훈,"월 B / 대202, 수 A / 대202",59
법학전공,민사소송법2,김도훈,"화 B / 인342, 목 A / 인342",26
법학전공,보험해상법,송일두,"월 C / 인326, 수 E / 인326",15
법학전공,자본시장법,조인호,"화 F / 차226, 목 D / 차226",18
법학전공,채권법총론,이수인,금 C~D / 차244,0
법학전공,친족상속법,김도훈,"월 E / 대202, 수 C / 대202",44
법학전공,특별행정법,강수경,"화 D / 차226, 목 F / 차226",32
법학전공,행정구제법,강수경,"월 C / 차226, 수 E / 차226",34
법학전공,헌법2,강수경,"화 C / 차243, 목 E / 차243",62
법학전공,형법총론2,주승희,"화 B / 차243, 목 A / 차243",49
법학전공,형사소송법,이유경,금 A~B / 차243,18
법학전공,회사법1,송일두,"화 D / 차122, 목 F / 차122",60
사회학전공,경제사회학,정호대,수 A~B / 차227,11
사회학전공,문화산업과문화콘텐츠,김봉석,"화 F / 차228, 목 D / 차228",20
사회학전공,미래사회론,김두환,"월 E / 차227, 수 C / 차227",11
사회학전공,사회심리학,김은정,"화 B / 차226, 목 A / 차226",13
사회학전공,사회정책론,김봉석,"화 D / 차230, 목 F / 차230",36
사회학전공,사회학개론,김종길,"화 C / 차226, 목 E / 차226",54
사회학전공,서베이자료분석실습,이민정,수 E~F / 차323,7
사회학전공,예술과사회,김두환,"화 A / 차227, 목 B / 차227",0
사회학전공,직업과사회,이민정,금 C~D / 차227,0
사회학전공,집합행동과사회운동,박수호,월 A~B / 차243,11
사회학전공,현대사회와사회문제,박수호,월 C~D / 차247,22
사회학전공,환경사회학,김종길,"화 E / 차226, 목 C / 차226",14
문헌정보학전공,기록관리,백재은,"월 C / 인104, 수 E / 인104",16
문헌정보학전공,도서관정보센터경영론,백재은,"월 D / 인103, 수 F / 인103",35
문헌정보학전공,디지털도서관,백재은,"화 A / 차323, 목 B / 차323",19
문헌정보학전공,디지털콘텐츠제작론,정도헌,"화 B / 차325, 목 A / 차325",49
문헌정보학전공,문헌정보·빅데이터분석방법론,박소연,"월 F / 차325, 수 D / 차325",32
문헌정보학전공,빅데이터색인및관리,정도헌,"월 A / 차326, 수 B / 차326",49
문헌정보학전공,정보봉사론,서지영,금 C~D / 인102,37
문헌정보학전공,정보자원관리,박소연,"화 C / 인102, 목 E / 인102",40
문헌정보학전공,정보학의이해,박소연,"월 E / 인104, 수 C / 인104",43
문헌정보학전공,특수자료조직론,정도헌,"월 B / 차326, 수 A / 차326",49
문헌정보학전공,학교도서관운영,정진수,"화 F / 인103, 목 D / 인103",26
심리학전공,과학과실제로서의심리학(영어강의),채드(Chad Kiyoshi Ebesutani),"화 B / 인327, 목 A / 인327",0
심리학전공,산업및조직심리학,박지영,"월 D / 대204, 수 F / 대204",73
심리학전공,상담실습,주은선,목 A~B / 인304,21
심리학전공,성인및노년심리학(영어강의),김소연,"월 E / 차226, 수 C / 차226",26
심리학전공,심리통계연구법,김제중,금 C~D / 차325,26
심리학전공,심리통계연구법,박지영,금 E~F / 차325,35
심리학전공,이상심리학(영어강의),채드(Chad Kiyoshi Ebesutani),"화 A / 인303, 목 B / 인303",0
심리학전공,인사 심리학: 인적자원 분석 및 개발,박지영,"월 F / 인102, 수 D / 인102",44
심리학전공,인지심리학,김제중,"화 C / 대205, 목 E / 대205",84
심리학전공,임상심리학,최승원,"월 C / 차243, 수 E / 차243",29
심리학전공,임상현장탐색:아동및성인정신건강,최승원,"월 B / 차248, 수 A / 차248",0
심리학전공,진로상담,주은선,목 C~D / 인304,30
심리학전공,청년심리학,오영희,"화 E / 인303, 목 C / 인303",15
심리학전공,특수아상담,김소연,금 1~3 / ,77
심리학전공,학습심리학,오영희,"화 C / 인303, 목 E / 인303",34
심리학전공,행복의심리학,김정호,"화 A / 차226, 목 B / 차226",0
아동가족학전공,가족상담,박우철,"월 A / 차231, 수 B / 차231",14
아동가족학전공,가족생활교육,전보영,"화 A / 차233, 목 B / 차233",18
아동가족학전공,건강가정현장실습,박우철,수 C~D / 차230,16
아동가족학전공,놀이지도,강수정,금 C~D / 인327,21
아동가족학전공,놀이치료,최미경,"화 F / 차124, 목 D / 차124",27
아동가족학전공,보육교사론,강수정,"월 C / 차244, 수 E / 차244",60
아동가족학전공,보육실습,최미경,"월 E~F / , 월 E~F / 인112",21
아동가족학전공,아동권리와복지,여종일,"화 C / 차233, 목 E / 차233",49
아동가족학전공,언어지도,한아름,"월 D / 인113, 수 F / 인113",28
아동가족학전공,영유아교수방법,강수정,"월 B / 차245, 수 A / 차245",62
아동가족학전공,영유아발달,여종일,"화 E / 차233, 목 C / 차233",26
아동가족학전공,정신건강론,최미경,"화 D / 차124, 목 F / 차124",31
사회복지학전공,가족복지론,손은정,"월 C / 인331, 수 E / 인331",36
사회복지학전공,사회보장론,은석,"화 D / 인134, 목 F / 인134",14
사회복지학전공,사회복지실천론,손은정,"월 E / 인304, 수 C / 인304",39
사회복지학전공,사회복지역사,한경훈,금 A~B / 인302,7
사회복지학전공,사회복지와문화적다양성,손은정,"화 C / 인342, 목 E / 인342",29
사회복지학전공,사회복지윤리와철학,유지희,"월 E / 인331, 수 C / 인331",13
사회복지학전공,사회복지자료분석론,정선욱,"화 A / 차324, 목 B / 차324",13
사회복지학전공,사회복지행정론,은석,"월 A / 인102, 수 B / 인102",36
사회복지학전공,사회복지현장실습1,황숙연,목 C~D / 인332,23
사회복지학전공,아동복지론,정선욱,"화 B / 인101, 목 A / 인101",26
사회복지학전공,인간행동과사회환경,황숙연,"월 D / 차119, 수 F / 차119",44
사회복지학전공,장애인복지론,김진우,"월 B / 차228, 수 A / 차228",14
사회복지학전공,정신건강사회복지론,유지희,"월 F / 인301, 수 D / 인301",13
사회복지학전공,학교사회복지론,정선욱,"월 D / 인301, 수 F / 인301",15
정치외교학전공,국제개발협력의 이해,김유철,"월 C / 차232, 수 E / 차232",30
정치외교학전공,비교정치,김유철,"월 E / 차246, 수 C / 차246",27
정치외교학전공,선거와 정당,조진만,"화 D / 인301, 목 F / 인301",28
정치외교학전공,외교협상론,임희수,"월 D / 차244, 수 F / 차244",28
정치외교학전공,이주난민과 외교정책,김성진,"월 E / 인332, 수 C / 인332",22
정치외교학전공,정치. 미디어비평,장휘,화 C~D / 인330,10
정치외교학전공,정치와세계경제,박진수,"화 E / 인301, 목 C / 인301",38
정치외교학전공,지역학2,김성진,"화 F / 인301, 목 D / 인301",14
정치외교학전공,한국정치의역사와이론,조진만,"화 F / 인101, 목 D / 인101",39
정치외교학전공,현대국가이해,김성진,"화 A / 인301, 목 B / 인301",12
의상디자인전공,니트디자인,김아리,금 A~B / 자C310,13
의상디자인전공,니트디자인,김아리,금 C~D / 자C310,18
의상디자인전공,드레이핑,강여선,화 C~D / 자C301,22
의상디자인전공,드레이핑,강여선,월 E~F / 자C302,16
의상디자인전공,드레이핑,강여선,수 C~D / 자C301,22
의상디자인전공,서양복식문화사,김고운,화 A~B / 자B201,21
의상디자인전공,패션과아트웨어,장수진,목 C~D / 자C305,14
의상디자인전공,패션디자인,김고운,목 A~B / 자C305,20
의상디자인전공,패션디자인,김성은,화 A~B / 자C305,12
의상디자인전공,패션디자인,이수현,월 A~B / 자C301,20
의상디자인전공,패션디자인컬렉션,김성은,월 A~B / 자B204,11
의상디자인전공,패션디자인컬렉션,김성은,월 C~D / 자B204,20
의상디자인전공,패션리테일링,최미영,수 A~B / 자B205,19
의상디자인전공,패션소재연구,강여선,"수 A~B / , 수 A~B / 자B204",40
의상디자인전공,패션스타트업랩,이수현,목 A~B / 자C302,17
의상디자인전공,패션유행심리,최미영,목 C~D / 자B205,22
의상디자인전공,패션일러스트레이션,김고운,수 C~D / 자C305,22
의상디자인전공,패션프로젝트2(캡스톤디자인),김고운,월 C~D / 자C309,20
의상디자인전공,패션프로젝트2(캡스톤디자인),윤정아,월 C~D / 자C305,19
유아교육과,놀이지도,신동주,"화 C / 유210, 목 E / 유210",20
유아교육과,놀이지도,신동주,"화 E / 유210, 목 C / 유210",19
유아교육과,디지털테크놀로지와유아교육의이해(캡스톤디자인),임혜성,"화 A / 차325, 목 B / 차325",0
유아교육과,보육실습,이경옥,금 A~B / 유210,7
유아교육과,아동관찰및행동연구,이경옥,"화 D / 유210, 목 F / 유210",20
유아교육과,아동관찰및행동연구,이경옥,"화 F / 유210, 목 D / 유210",12
유아교육과,아동권리와복지,임혜성,"월 F / 유202, 수 D / 유202",11
유아교육과,아동문학,이병호,"월 C / 유202, 수 E / 유202",17
유아교육과,아동문학,이상은,금 A~B / 유202,20
유아교육과,아동안전관리,이상은,월 C~D / 유201,32
유아교육과,언어지도,이병호,"월 E / 유201, 수 C / 유201",38
유아교육과,유아교과교재연구및지도법,양유진,금 A~B / 유201,19
유아교육과,유아교과교재연구및지도법,양유진,금 E~F / 유201,21
유아교육과,유아교육기관운영관리,임혜성,"화 C / 차324, 목 E / 차324",0
유아교육과,유아교육학개론,임승렬,"화 C / 유202, 목 E / 유202",17
유아교육과,유아교육학개론,임승렬,"화 E / 유202, 목 C / 유202",20
유아교육과,유아동작교육,김윤희,"화 D / 유201, 목 F / 유201",22
유아교육과,유아동작교육,김윤희,"화 F / 유201, 목 D / 유201",13
유아교육과,유아사회교육,김은정,"수 A~B / , 수 A~B / 유202",14
유아교육과,유아사회교육,임혜성,목 A~B / 유202,12
유아교육과,유아수학교육,이정욱,"화 C / 유201, 목 E / 유201",20
유아교육과,유아수학교육,이정욱,"화 E / 유201, 목 C / 유201",17
컴퓨터공학전공,JAVA프로그래밍,이찬수,"화 F / 차337, 목 G / 차337",42
컴퓨터공학전공,JAVA프로그래밍,이찬수,"화 G / 차337, 목 F / 차337",45
컴퓨터공학전공,객체지향프로그래밍,남송휘,월 C~D / 차337,40
컴퓨터공학전공,객체지향프로그래밍,남송휘,월 G~H / 차337,23
컴퓨터공학전공,데이터베이스프로그래밍,박우창,수 A~B / 차338,36
컴퓨터공학전공,리눅스프로그래밍,최승훈,"화 A / 차337, 목 B / 차337",36
컴퓨터공학전공,리눅스프로그래밍,최승훈,"화 B / 차337, 목 A / 차337",25
컴퓨터공학전공,소프트웨어공학,남송휘,월 E~F / 차337,53
컴퓨터공학전공,알고리즘,이주영,"화 A / 차139, 목 B / 차139",58
컴퓨터공학전공,인공지능,유견아,"화 F / 차137, 목 D / 차137",39
컴퓨터공학전공,인터넷보안,이주영,"화 C / 차136, 목 E / 차136",31
컴퓨터공학전공,인터넷프로그래밍,이경미,"화 E / 차337, 목 C / 차337",44
컴퓨터공학전공,인터넷프로그래밍,이경미,"화 F / 차338, 목 D / 차338",34
컴퓨터공학전공,자료구조론,박우창,"화 A / 차338, 목 B / 차338",42
컴퓨터공학전공,자료구조론,박우창,"화 B / 차338, 목 A / 차338",43
컴퓨터공학전공,졸업프로젝트2(캡스톤디자인)(영어강의),유견아,월 G~H / 차137,50
IT미디어공학전공,객체프로그래밍,정원호,"화 D / 차136, 목 F / 차136",69
IT미디어공학전공,고급3D스크립팅,백대현,목 C~D / 차339,31
IT미디어공학전공,기계학습,김상준,월 E~F / 차340,29
IT미디어공학전공,기계학습,김상준,월 A~B / 차340,45
IT미디어공학전공,디지털프로젝트2(캡스톤디자인),나정조,월 E~F / 차339,29
IT미디어공학전공,디지털프로젝트2(캡스톤디자인),임양규,월 E~F / 차336,33
IT미디어공학전공,사운드디자인,임양규,"월 D / 차336, 수 F / 차336",48
IT미디어공학전공,사운드아트프로그래밍,임양규,금 E~F / 차336,28
IT미디어공학전공,시스템소프트웨어,이난경,금 E~F / 차339,12
IT미디어공학전공,실시간모션,나정조,화 E~F / 차339,30
IT미디어공학전공,실시간모션,백대현,목 E~F / 차340,25
IT미디어공학전공,실시간모션,나정조,수 A~B / 차340,32
IT미디어공학전공,안드로이드플랫폼,이정섭,수 C~D / 차336,12
IT미디어공학전공,인터넷해킹및보안,서민혜,"월 D / 차340, 수 F / 차340",26
IT미디어공학전공,입체영상(캡스톤디자인),임양미,목 A~B / 차339,25
IT미디어공학전공,콘텐츠빅데이터,심보광,수 C~D / 차340,40
IT미디어공학전공,콘텐츠빅데이터,심보광,목 C~D / 차340,37
사이버보안전공,고급C프로그래밍,서민혜,"월 F / 차321, 수 D / 차321",33
사이버보안전공,네트워크보안프로그래밍,정혜진,목 A~B / 차319,26
사이버보안전공,딥러닝,김성애,월 E~F / 차319,22
사이버보안전공,보안소프트웨어개발방법론,서민혜,"화 F / 차321, 목 D / 차321",26
사이버보안전공,심화객체프로그래밍,계승철,화 A~B / 차319,28
사이버보안전공,응용암호학,서민혜,"화 D / 차321, 목 F / 차321",37
사이버보안전공,자료구조,정혜진,수 A~B / 차319,39
사이버보안전공,컴퓨터통신,왕수현,금 C~D / 차136,40
소프트웨어전공,C와리눅스2,이재호,"월 C / 차320, 수 E / 차320",44
소프트웨어전공,데이터구조와알고리즘,이형규,"화 D / 차320, 목 F / 차320",44
소프트웨어전공,딥러닝 응용,이형규,수 C~D / 차235,24
소프트웨어전공,모던C++프로그래밍,강지헌,"화 D / 차235, 목 F / 차235",36
소프트웨어전공,빅테이터시스템,강지헌,"월 D / 차235, 수 F / 차235",40
소프트웨어전공,소프트웨어 프로젝트1 (캡스톤 디자인),이재호,금 C~D / 차320,25
소프트웨어전공,안드로이드프로그래밍,음두헌,"화 F / 차320, 목 D / 차320",31
소프트웨어전공,자바객체지향프로그래밍1,음두헌,"월 E / 차235, 수 C / 차320",42
바이오공학전공,미생물공학,주황수,"월 E / 자B202, 수 C / 자B202",65
바이오공학전공,바이오 인공지능,류재용,"월 F / 차326, 수 D / 차326",50
바이오공학전공,바이오공학종합설계(캡스톤디자인),박현준,"금 E~H / , 금 E~H / 자C104",10
바이오공학전공,바이오기기분석실험,주황수,"금 5~6 / , 금 5~6 / 자C104",14
바이오공학전공,바이오산업현장실습,박현준,목 E~F / 자B206,35
바이오공학전공,분자유전학,김태훈,"화 C / 자B205, 목 E / 자B205",48
바이오공학전공,생명공학개론,류재용,"화 D / 차137, 목 F / 차137",69
바이오공학전공,생명공학세미나2,류재용,수 E~F / 자B201,24
바이오공학전공,생명공학특수연구실험,주황수,"월 G~H / , 월 G~H / 자C104, 수 G~H / , 수 G~H / 자C104",26
바이오공학전공,생명정보학,박현준,"월 D / 차325, 수 F / 차325",48
바이오공학전공,생물공정공학2,주황수,"월 C / 자B206, 수 E / 자B206",36
바이오공학전공,생물공정공학실험,주황수,화 3~6 / 자C104,20
바이오공학전공,생물공정공학실험,주황수,화 7~10 / 자C104,20
바이오공학전공,인체생리학,류재용,"화 F / 자B202, 목 D / 자B202",57
바이오공학전공,일반생물학Ⅱ,김태훈,"월 C / 자B205, 수 E / 자B205",15
수학전공,고급해석학2,이향주,"화 C / 차428, 목 E / 차428",0
수학전공,금융수학,강성주,"화 E / 차428, 목 C / 차428",21
수학전공,미분기하학2,최성우,"화 D / 차428, 목 F / 차428",0
수학전공,미분방정식,최성우,"화 C / 차138, 목 E / 차138",34
수학전공,미분적분학2,원대연,"월 A / 차138, 수 B / 차138",33
수학전공,복소해석학,이향주,"월 E / 차428, 수 C / 차428",26
수학전공,수학사고방법론,남하얀,"화 A / 차428, 목 B / 차428",23
수학전공,정수론,남하얀,"화 B / 차428, 목 A / 차428",16
수학전공,현대기하,원대연,"화 B / 차138, 목 A / 차138",20
수학전공,현대대수학2,남하얀,"화 F / 차138, 목 D / 차138",7
수학전공,확률론,최성우,"화 E / 차138, 목 C / 차138",16
정보통계학전공,다변량및빅데이터분석실무(캡스톤디자인),김재희,월 F~G / 차139,15
정보통계학전공,데이터 마이닝,이윤모,금 C~D / 차445,20
정보통계학전공,범주형자료분석,김재희,"화 D / 차139, 목 F / 차139",39
정보통계학전공,비모수추론입문,경민정,"화 F / 차444, 목 D / 차444",0
정보통계학전공,사회과학자료분석,경민정,"월 E / 차444, 수 C / 차444",27
정보통계학전공,생존분석,김재희,"월 D / 차139, 수 F / 차139",8
정보통계학전공,수리통계학2,허집,"월 A / 차139, 수 B / 차139",39
정보통계학전공,탐색적 자료분석,경민정,"월 C / 차444, 수 E / 차444",60
정보통계학전공,통계소프트웨어-SPSS,경민정,"화 C / 차444, 목 E / 차444",46
정보통계학전공,통계프로그래밍-파이썬,허집,"화 E / 차441, 목 C / 차441",60
정보통계학전공,파이썬을이용한데이터과학,이윤모,금 A~B / 차445,34
정보통계학전공,확률및확률과정론,최기헌,금 E~F / 차445,13
정보통계학전공,회귀분석,허집,"월 B / 차139, 수 A / 차139",50
화학전공,고급생화학,김선영,"화 F / 자B203, 목 D / 자B203",25
화학전공,고분자화학,권영완,화 C~D / 자B206,31
화학전공,기기분석,이재인,"월 C / 자B202, 수 E / 자B202",53
화학전공,무기화학2,방효춘,"화 A / 자B203, 목 B / 자B203",28
화학전공,물리화학1,김학준,"화 D / 자B202, 목 F / 자B202",49
화학전공,물리화학실험2,김학준,수 C~D / 자C203,24
화학전공,물리화학실험2,김학준,수 G~H / 자C203,15
화학전공,분석화학실험,김학준,화 E~F / 자C203,24
화학전공,분석화학실험,김학준,수 E~F / 자C203,21
화학전공,생화학2,김선영,"화 B / 자B205, 목 A / 자B205",53
화학전공,생화학실험,김선영,월 E~F / 자C110,24
화학전공,양자화학,정해영,"화 E / 자B203, 목 C / 자B203",47
화학전공,유기화학2,이재인,"화 C / 자B202, 목 E / 자B202",65
화학전공,유기화학실험2,이재인,화 E~F / 자C110,21
화학전공,일반화학2,김선영,"월 B / 자B203, 수 A / 자B203",19
화학전공,창업현장실습(Cash Class),임진경,월 C~D / 자B201,24
화학전공,특수연구실험2,김학준,월 G~H / 자C203,15
화학전공,향장화학,임진경,수 A~B / 자B206,35
식품영양학전공,고급영양학및실습,김영남,"월 C~D / 자A303, 월 1~2 / 자B201",29
식품영양학전공,공중보건학,이주연,"화 E / 차244, 목 C / 차244",27
식품영양학전공,식품가공저장학및실습,정미숙,"수 2~3 / 자B202, 금 A~B / 자A203",20
식품영양학전공,식품가공저장학및실습,정미숙,"수 2~3 / 자B202, 금 C~D / 자A203",20
식품영양학전공,식품면역학,정미숙,"화 C / 차228, 목 E / 차228",29
식품영양학전공,식품영양진로탐색,김경희,"월 9~10 / , 월 9~10 / 차246",16
식품영양학전공,식품위생관계법규,조순덕,"화 D / 차247, 목 F / 차247",43
식품영양학전공,식품위생학,김경희,"화 D / 차248, 목 F / 차248",49
식품영양학전공,실험조리및실습,정하숙,"월 7~8 / 자B203, 수 C~D / 자A103",19
식품영양학전공,영양교육및상담,김경희,"월 C / 차246, 수 E / 차246",40
식품영양학전공,영양사현장실습,김경희,화 12~13 / 차246,50
식품영양학전공,영양판정,최성숙,"화 A / 자B202, 목 B / 자B202",54
식품영양학전공,임상영양학,최성숙,"화 B / 자B202, 목 A / 자B202",47
식품영양학전공,조리원리,권태은,"화 B / 차248, 목 A / 차248",39
식품영양학전공,지역사회영양학,한혜경,"월 D / 차248, 수 F / 차248",31
식품영양학전공,푸드디렉팅과디자인실무(캡스톤디자인),김경희,"월 D / 차122, 수 F / 차122",11
생활체육학전공,뉴스포츠,이규정,화 2~3 / 라105,10
생활체육학전공,수상스포츠,강준상,화 11~12 / 라002,41
생활체육학전공,수상스포츠,강준상,목 11~12 / 라001,22
생활체육학전공,스노우보드,김준동,목 10~11 / 라002,20
생활체육학전공,스키,강준상,수 11~12 / 라002,23
생활체육학전공,스키,전찬수,수 11~12 / 라001,27
생활체육학전공,스포츠경영학,강준상,화 E~F / 라002,23
생활체육학전공,스포츠마사지,최재희,목 3~4 / 라008,13
생활체육학전공,스포츠사회학,김지영,목 A~B / 라002,0
생활체육학전공,스포츠생리학,김준동,월 C~D / 라002,25
생활체육학전공,스포츠소비자행동론,전찬수,수 1~2 / 라002,0
생활체육학전공,스포츠정보,안예슬,목 5~6 / 차323,12
생활체육학전공,요가,이수정,화 3~4 / 라101,0
생활체육학전공,전공골프2,강준상,목 3~4 / 라001,17
생활체육학전공,전문실기,장재원,화 5~6 / 누101,13
생활체육학전공,체육측정평가,이시은,수 E~F / 라001,22
생활체육학전공,트레이닝방법론과실제,김준동,수 C~D / 라002,18
생활체육학전공,해양스포츠,김준동,화 10~11 / 라001,0
약학과,감염미생물학,신혜순,"화 7 / 약202, 목 7 / 약202",27
약학과,감염미생물학,신혜순,"화 6 / 약204, 목 5 / 약203",26
약학과,감염미생물학,신혜순,"화 3 / 약203, 목 8 / 약203",27
약학과,기초약무교육2,박지현,수 1~2 / 약205,32
약학과,기초약무교육2,박지현,수 5~6 / 약207,32
약학과,기초약무교육2,박지현,수 7~8 / 약206,33
약학과,"기초약학실습3,4",박명숙,"금 7~9 / , 금 7~9 / 약102",27
약학과,"기초약학실습3,4",박명숙,"금 4~6 / , 금 4~6 / 약102",26
약학과,"기초약학실습3,4",박명숙,"금 1~3 / , 금 1~3 / 약102",27
약학과,독성학,정주희,"목 D / 약207, 금 D / 약207",32
약학과,독성학,정주희,"목 C / 약105, 금 C / 약207",32
약학과,독성학,정주희,"목 E / 약212, 금 E / 약207",33
약학과,무기방사성의약품학,이상협,"월 8 / 약202, 화 6 / 약202, 목 8 / 약202",27
약학과,무기방사성의약품학,이상협,"월 6 / 약204, 화 8 / 약204, 목 6 / 약203",26
약학과,무기방사성의약품학,이상협,"월 7 / 약203, 화 7 / 약203, 목 7 / 약203",27
약학과,물리약학2,강성민,월 1~2 / 약202,27
약학과,물리약학2,강성민,월 3~4 / 약204,26
약학과,물리약학2,강성민,월 5~6 / 약203,27
약학과,바이오의약품론,조효선,수 2~3 / 약107,45
약학과,병태생리학2,송경,"화 E / 약205, 목 C / 약204",31
약학과,병태생리학2,송경,"화 D / 약207, 목 D / 약206",31
약학과,병태생리학2,송경,"화 F / 약206, 목 E / 약205",32
약학과,보건약학,정주희,화 4~5 / 대107,80
약학과,보건의약관계법규,이진이,화 8~9 / 약107,66
약학과,본초학,심연,목 3~4 / 약104,60
약학과,분자생물학,정우현,"월 A / 약205, 금 D / 약204",31
약학과,분자생물학,정우현,"월 D / 약206, 금 B / 약206",31
약학과,분자생물학,정우현,"월 B / 약205, 금 A / 약205",32
약학과,생약학2,이진우,"화 D / 약205, 목 E / 약204",31
약학과,생약학2,이진우,"화 E / 약206, 목 D / 약205",32
약학과,생약학2,이진우,"화 F / 약207, 목 C / 약206",31
약학과,심화필수실무실습,송경,,29
약학과,심화필수실무실습,박지현,,21
약학과,심화필수실무실습,박지현,,40
약학과,약무행정경영관리,이진이,화 3~5 / 약107,97
약학과,약물유전체학,김소연,화 3~4 / 약105,81
약학과,약물치료학1,장하영,목 2~3 / 약107,95
약학과,약물치료학3,강규태,수 5~6 / 약205,32
약학과,약물치료학3,강규태,목 7~8 / 약105,32
약학과,약물치료학3,강규태,수 2~3 / 약206,33
약학과,약물치료학5,강규태,금 2~3 / 약107,69
약학과,약물치료학6,박지현,목 2~3 / 약105,58
약학과,약물학2,이용수,"월 6 / 약205, 수 7 / 약204",31
약학과,약물학2,이용수,"월 8 / 약206, 수 1 / 약204",31
약학과,약물학2,이용수,"월 7 / 약205, 수 6 / 약204",32
약학과,약제학2,박희준,월 1~2 / 약207,32
약학과,약제학2,박희준,월 7~8 / 약207,32
약학과,약제학2,박희준,월 5~6 / 약207,33
약학과,약품기기분석학,곽종환,수 8~10 / 약107,74
약학과,약품분석학2,곽종환,수 2~3 / 약201,27
약학과,약품분석학2,곽종환,수 5~6 / 약107,53
약학과,약품생화학2,문애리,화 2~3 / 약202,27
약학과,약품생화학2,문애리,수 2~3 / 약203,26
약학과,약품생화학2,문애리,월 2~3 / 약203,27
약학과,약학개론,조효선,목 1~2 / 대107,80
약학과,약학세미나,이용수,목 9~10 / 약107,85
약학과,약학연구,강규태,화 10 / 약107,36
약학과,예방약학2,김영미,"화 F / 약205, 목 D / 약204",31
약학과,예방약학2,김영미,"화 E / 약207, 목 E / 약206",31
약학과,예방약학2,김영미,"화 D / 약206, 목 C / 약205",32
약학과,"응용약학실습11,12",조애리,수 7~9 / 약103,32
약학과,"응용약학실습11,12",조애리,수 1~3 / 약103,32
약학과,"응용약학실습11,12",조애리,수 4~6 / 약103,33
약학과,"응용약학실습7,8",정인재,금 1~3 / 약211,31
약학과,"응용약학실습7,8",정인재,금 7~9 / 약211,31
약학과,"응용약학실습7,8",정인재,금 4~6 / 약211,32
약학과,의약품제조관리학,조애리,월 7~8 / 약212,32
약학과,의약품제조관리학,조애리,월 5~6 / 약212,32
약학과,의약품제조관리학,조애리,월 1~2 / 약212,33
약학과,의약품품질과학2,강성민,목 4 / 약207,32
약학과,의약품품질과학2,강성민,목 6 / 약105,32
약학과,의약품품질과학2,강성민,목 5 / 약212,33
약학과,의약품합성학1,박명숙,"월 5 / 약202, 화 8 / 약202, 수 5 / 약201",27
약학과,의약품합성학1,박명숙,"월 7 / 약204, 화 7 / 약204, 수 4 / 약203",26
약학과,의약품합성학1,박명숙,"월 8 / 약203, 화 6 / 약203, 수 7 / 약202",27
약학과,의약화학2,이상협,월 3~4 / 약104,20
약학과,제제공학,박희준,화 6~7 / 약107,0
약학과,항생물질학,조효선,화 1~2 / 약107,82
약학과,해부생리학2,정인재,수 6~7 / 약201,27
약학과,해부생리학2,정인재,수 2~3 / 약202,27
약학과,해부생리학2,정인재,화 2~3 / 약204,26
약학과,환자상담과소통기법,김소연,화 1~2 / 약105,42
약학과(6년제),건강심리학(통6),김은숙,목 5~6 / 약107,75
약학과(6년제),기본응급처치학(통6),신혜순,금 5~6 / 약104,33
약학과(6년제),"기초약학실습1,2(통6)",김은숙,화 C~D / 약102,27
약학과(6년제),"기초약학실습1,2(통6)",김은숙,화 A~B / 약102,27
약학과(6년제),"기초약학실습1,2(통6)",김은숙,화 E~F / 약102,25
약학과(6년제),일반약학물리학(통6),임영재,목 7~8 / 약107,61
약학과(6년제),일반약학생물학2(통6),강성민,화 1~2 / 약201,27
약학과(6년제),일반약학생물학2(통6),강성민,화 5~6 / 약201,27
약학과(6년제),일반약학생물학2(통6),강성민,화 3~4 / 약201,25
약학과(6년제),일반약학수학(통6),강성주,월 7~8 / 약107,56
약학과(6년제),일반약화학2(통6),이혜정,"월 B / 약201, 수 A / 약104",27
약학과(6년제),일반약화학2(통6),이혜정,"월 D / 약201, 수 F / 약104",24
약학과(6년제),일반약화학2(통6),이혜정,"월 A / 약201, 수 B / 약104",27
동양화전공,디지털 동양화,홍남기,목 C~D / F101,12
동양화전공,수묵1,이재열,화 C~D / F101,0
동양화전공,수묵2,박상미,목 C~D / F201,11
동양화전공,수묵4,양대원,월 C~D / F202,12
동양화전공,전시기획 프로젝트,이주연,월 C~D / F201,8
동양화전공,전통기법연구,이주연,수 C~D / F101,13
동양화전공,졸업작품스터디,이주연,화 C~D / F202,18
동양화전공,졸업작품포트폴리오연구,임택,수 C~D / F202,18
동양화전공,채색표현,임택,월 C~D / F101,8
동양화전공,한국근∙현대회화사,이준희,월 A~B / 자B206,13
동양화전공,현대채색화연구2,임택,화 C~D / F201,11
서양화전공,디지털이미지표현연구,박진식,목 C~D / 차325,12
서양화전공,조형연구2,지근욱,수 A~B / F106,15
서양화전공,졸업작품연구2,김연규,목 A~B / F302,24
서양화전공,창작드로잉1,김연규,화 E~F / F106,22
서양화전공,창작드로잉2,김연규,수 E~F / F301,8
서양화전공,창작심화연구,정재호,화 C~D / F302,21
서양화전공,창작회화2,박미연,수 A~B / F302,24
서양화전공,판화,김연규,화 C~D / L002,6
서양화전공,현대미술감상,양은희,목 E~F / 자B201,12
서양화전공,회화연구2,박미연,목 C~D / F106,17
서양화전공,회화연구4,안현정,화 A~B / F301,11
실내디자인전공,공간기획프로젝트,정구헌,수 E~F / N204,14
실내디자인전공,디자인상품개발(캡스톤디자인),강두봉,수 C~D / N204,15
실내디자인전공,디자인실무워크숍,박태욱,월 E~F / N204,18
실내디자인전공,온오프라인숍,조인선,월 A~B / N201,26
실내디자인전공,인테리어3D모델링,이미희,금 C~D / L305,0
실내디자인전공,인테리어CAD,최유식,목 C~D / L305,28
실내디자인전공,인테리어CAD,최유식,목 E~F / L305,0
실내디자인전공,인테리어코디네이션,박태욱,수 E~F / N201,15
실내디자인전공,재료와조명,박정은,월 C~D / N204,20
실내디자인전공,졸업작품프로젝트2,박태욱,월 C~D / K201,15
실내디자인전공,졸업전시스튜디오2,강두봉,수 E~F / K201,15
시각디자인전공,3D애니메이션,이형기,금 E~F / L207,12
시각디자인전공,모션그래픽 ,이문선,금 A~B / N309,20
시각디자인전공,모션그래픽 ,이문선,금 C~D / N309,22
시각디자인전공,브랜드&패키지디자인,이승진,월 C~D / N309,13
시각디자인전공,브랜드&패키지디자인,홍승희,월 C~D / L301,16
시각디자인전공,스토리텔링일러스트졸업프로젝트,김승민,수 C~D / N301,19
시각디자인전공,시각디자인리서치와기획,홍승희,목 E~F / 차324,27
시각디자인전공,영상디자인 작품제작,박지다,화 A~B / N304,15
시각디자인전공,영상디자인 작품제작,박지다,수 A~B / N304,12
시각디자인전공,영상콘텐츠디자인졸업프로젝트,박지다,월 A~B / N301,25
시각디자인전공,웹툰스토리디자인,채수양,월 A~B / N305,10
시각디자인전공,웹툰스토리디자인,채수양,월 C~D / N305,14
시각디자인전공,일러스트레이션프로젝트,김승민,"화 C~D / , 화 C~D / N304",15
시각디자인전공,일러스트레이션프로젝트,신지원,"화 C~D / , 화 C~D / N309",14
시각디자인전공,커뮤니케이션디자인졸업프로젝트,이승진,화 C~D / N301,16
시각디자인전공,크리에이티브씽킹 디자인,전혜진,화 C~D / N305,18
시각디자인전공,크리에이티브씽킹 디자인,전혜진,화 E~F / N305,17
시각디자인전공,타입&커뮤니케이션디자인,홍승희,목 C~D / N309,22
시각디자인전공,타입&커뮤니케이션디자인,이상미,목 C~D / L207,18
텍스타일디자인전공,염색&프린트메이킹,서주람,목 E~F / N102,27
텍스타일디자인전공,위빙&자카드패턴디자인,이재범,수 C~D / N101,15
텍스타일디자인전공,위빙프로젝트2,이재범,월 E~F / N101,26
텍스타일디자인전공,재료와기법,안소영,월 E~F / N107,24
텍스타일디자인전공,텍스타일CAD&VMD,서윤정,수 C~D / L305,14
텍스타일디자인전공,텍스타일니트디자인기초,길지현,화 E~F / N102,18
텍스타일디자인전공,텍스타일디자인브랜딩,이은옥,월 C~D / L305,0
텍스타일디자인전공,텍스타일아트프로젝트2,안소영,수 C~D / N107,26
텍스타일디자인전공,텍스타일위빙CAD,이재범,목 C~D / N101,10
텍스타일디자인전공,텍스타일조형스튜디오,안소영,목 E~F / N107,14
텍스타일디자인전공,포트폴리오쇼케이스,유예원,목 C~D / 차326,25
대학일자리본부(학사),기업현장실습1,손재현,,0
대학일자리본부(학사),기업현장실습2,손재현,,2
대학일자리본부(학사),기업현장실습5,손재현,,0
대학일자리본부(학사),기업현장실습6,손재현,,0
대학일자리본부(학사),기업현장실습7,손재현,,0
대학일자리본부(학사),산학협동인턴십1,손재현,,2
대학일자리본부(학사),산학협동인턴십2,손재현,,5
대학일자리본부(학사),산학협동인턴십3,손재현,,0
대학일자리본부(학사),산학협동인턴십4,손재현,,0
대학일자리본부(학사),해외취업실무1,손재현,,3
대학일자리본부(학사),해외취업실무2,손재현,,2
대학일자리본부(학사),해외취업실무3,손재현,,5
대학일자리본부(학사),해외취업실무4,손재현,,0
대학일자리본부(학사),해외취업실무5,손재현,,2
OSCAR인재개발학부,(M)1인미디어연출기술,심보광,"월 C / 차340, 수 E / 차340",23
OSCAR인재개발학부,(N)메뉴개발과 푸드디자인실습,이주연,"화 A / , 화 A / 차231, 목 B / , 목 B / 차231",7
OSCAR인재개발학부,(N)푸드콘텐츠기획,김경희,"화 F / , 화 F / 차231, 목 D / , 목 D / 차231",13
OSCAR인재개발학부,(N)식품의글로벌트렌드,정미숙,"화 B / 차227, 목 A / 차227",13
OSCAR인재개발학부,(N)사운드미디어제작,임양규,금 C~D / 차340,29
OSCAR인재개발학부,(N)에듀테크 영어콘텐츠 개발,최정혜,금 E~F / 차226,6
OSCAR인재개발학부,(M)디자인과 가치,이은옥,"금 C~D / , 금 C~D / 차224",20
OSCAR인재개발학부,(M)지속가능 디자인,이승진,"금 E~F / , 금 E~F / 차224",18
OSCAR인재개발학부,(M)미디어제작 고급,나정조,목 E~F / 차339,17
OSCAR인재개발학부,(M)문화기획과 직업,곽정연,"화 F / 인346, 목 D / 인346",6
OSCAR인재개발학부,(M)문화콘텐츠 기획 입문,장태순,"월 D / 차137, 수 F / 차137",8
OSCAR인재개발학부,(M)문화콘텐츠의이해와기획실습,정수희,"월 E / 차224, 수 C / 차224",19
OSCAR인재개발학부,(M)레저스포츠 창업경영,노태협,수 E~F / 차233,0
OSCAR인재개발학부,(M)레포츠산업정보의 이해,강준상,수 E~F / 라002,22
OSCAR인재개발학부,(M)액티비티 스포츠,강준상,월 G~H / 라002,23
OSCAR인재개발학부,(N)사물인터넷과 스마트홈,이재호,화 B~C / 차320,6
OSCAR인재개발학부,(N)여성주의 소셜디자인,김도혜,"화 F / 인102, 목 D / 인102",14
OSCAR인재개발학부,(N)중국어 빅데이터 이해와 활용(기초),박민준,"월 C / 차325, 수 E / 차325",8
국어국문학전공,국어국문학산책,김유진,"화 F / , 화 F / 대102, 목 D / , 목 D / 대102",48
일어일문학전공,미디어로보는일본,노주현,"화 A / 대101, 목 B / 대101",52
중어중문학전공,미디어로보는중국,박민준,"화 B / 차136, 목 A / 차136",18
영어영문학전공,영어의세계,윤희철,"화 D / 대203, 목 F / 대203",75
불어불문학전공,기초프랑스어,손경애,"화 E / 차123, 목 C / 차123",4
독어독문학전공,독일과문화콘텐츠,조우호,"화 B / 인345, 목 A / 인345",1
스페인어전공,스페인·라틴아메리카입문,이종득,"화 C / 인301, 목 E / 인301",26
사학전공,한국민주주의역사,최주희,"화 C / 대106, 목 E / 대106",46
철학전공,철학으로보는현대문화,장태순,"화 E / 대203, 목 C / 대203",97
미술사학전공,미술사학이란무엇인가?,정무정,"화 D / 대103, 목 F / 대103",42
문화인류학전공,문화로보는인간탐구,이응철,"화 D / 대204, 목 F / 대204",126
경영학전공,마케팅의기초,조연진,"화 C / 대202, 목 E / 대202",107
회계학전공,회계생활지식,김이배,"화 C / 인327, 목 E / 인327",50
국제통상학전공,국제통상학입문,원동환,"화 C / 대203, 목 E / 대203",118
법학전공,법학의이해,송일두,"화 F / 대202, 목 D / 대202",122
사회학전공,대중소통의사회학,김은정,"화 E / 차243, 목 C / 차243",44
문헌정보학전공,4차산업혁명과문헌정보학의미래,박소연,"화 E / , 화 E / 차119, 목 C / , 목 C / 차119",40
심리학전공,심리학의세계,최승원,"화 E / 대101, 목 C / 대101",66
아동가족학전공,가족학론,박우철,"화 B / 대101, 목 A / 대101",69
사회복지학전공,사회복지학탐색,은석,"화 F / , 화 F / 대104, 목 D / , 목 D / 대104",98
정치외교학전공,정치외교학기초,박진수,"화 F / 차245, 목 D / 차245",59
의상디자인전공,의복패턴메이킹,강여선,화 E~F / 자C305,31
의상디자인전공,의복패턴메이킹,김금화,화 E~F / 자B204,31
컴퓨터공학전공,컴퓨터와친해지기,유견아,"화 A / 차137, 목 B / 차137",69
IT미디어공학전공,콘텐츠프로그래밍,임양규,"화 D / 차336, 목 F / 차336",41
사이버보안전공,프로그래밍기초,강남희,"화 C / 차321, 목 E / 차321",37
사이버보안전공,프로그래밍기초,이선주,"화 C / 차319, 목 E / 차319",36
소프트웨어전공,컴퓨터의원리와응용,이형규,"화 F / 차243, 목 D / 차243",49
소프트웨어전공,컴퓨터의원리와응용,강지헌,"화 F / 차244, 목 D / 차244",51
바이오공학전공,생명과학의기초:생명체구조와기능,김태훈,"화 E / 자B202, 목 C / 자B202",67
수학전공,4차산업혁명시대의수학의세계,원대연,"화 A / 차138, 목 B / 차138",19
정보통계학전공,통계학의 소개,허집,"화 B / 차139, 목 A / 차139",54
화학전공,최신일반화학2,김학준,"화 C / 자B203, 목 E / 자B203",43
식품영양학전공,영양과학의기초,김경희,"화 E / 대103, 목 C / 대103",91
생활체육학전공,레저문화와익스트림스포츠,강준상,"화 D / 라002, 목 F / 라002",31
동양화전공,기초재료표현,임택,목 C~D / F001,31
서양화전공,평면과입체스튜디오,지근욱,화 A~B / L003,20
서양화전공,평면과입체스튜디오,미정,화 A~B / ,0
실내디자인전공,인테리어디자인기초,박태욱,화 E~F / N201,25
실내디자인전공,인테리어디자인기초,한유진,화 E~F / N204,21
시각디자인전공,시각디자인의기초,이승진,"목 E~F / , 목 E~F / N309",25
시각디자인전공,시각디자인의기초,김승민,"목 E~F / , 목 E~F / N304",25
텍스타일디자인전공,텍스타일디자인의기초,이재범,"화 C~D / , 화 C~D / N103",33
텍스타일디자인전공,텍스타일디자인의기초,서윤정,화 C~D / 차324,32
